fid,name,cmt,desc,src,link1_href,link1_text,link1_type,link2_href,link2_text,link2_type,number,type,distance,angle,u_x,u_z
1,New file 1,,,,,,,,,,,,0,110.993818459523,,
1,New file 1,,,,,,,,,,,,2,110.993818459523,,
1,New file 1,,,,,,,,,,,,4,110.993818459523,,
1,New file 1,,,,,,,,,,,,6,119.965983042979,,
1,New file 1,,,,,,,,,,,,8,119.965983042979,,
1,New file 1,,,,,,,,,,,,10,119.965983042979,,
1,New file 1,,,,,,,,,,,,12,119.965983042979,,
1,New file 1,,,,,,,,,,,,14,139.768962331143,,
1,New file 1,,,,,,,,,,,,16,139.768962331143,,
1,New file 1,,,,,,,,,,,,18,139.768962331143,,
1,New file 1,,,,,,,,,,,,20,139.768962331143,,
1,New file 1,,,,,,,,,,,,22,139.768962331143,,
1,New file 1,,,,,,,,,,,,24,139.768962331143,,
1,New file 1,,,,,,,,,,,,26,133.068316601279,,
1,New file 1,,,,,,,,,,,,28,133.068316601279,,
1,New file 1,,,,,,,,,,,,30,133.068316601279,,
1,New file 1,,,,,,,,,,,,32,133.068316601279,,
1,New file 1,,,,,,,,,,,,34,106.569143829425,,
1,New file 1,,,,,,,,,,,,36,106.569143829425,,
1,New file 1,,,,,,,,,,,,38,106.569143829425,,
1,New file 1,,,,,,,,,,,,40,106.569143829425,,
1,New file 1,,,,,,,,,,,,42,210.987899462969,,
1,New file 1,,,,,,,,,,,,44,203.099836672444,,
1,New file 1,,,,,,,,,,,,46,203.099836672444,,
1,New file 1,,,,,,,,,,,,48,203.099836672444,,
1,New file 1,,,,,,,,,,,,50,203.099836672444,,
1,New file 1,,,,,,,,,,,,52,203.099836672444,,
1,New file 1,,,,,,,,,,,,54,203.099836672444,,
1,New file 1,,,,,,,,,,,,56,203.099836672444,,
1,New file 1,,,,,,,,,,,,58,203.099836672444,,
1,New file 1,,,,,,,,,,,,60,203.099836672444,,
1,New file 1,,,,,,,,,,,,62,203.099836672444,,
1,New file 1,,,,,,,,,,,,64,203.099836672444,,
1,New file 1,,,,,,,,,,,,66,203.099836672444,,
1,New file 1,,,,,,,,,,,,68,203.099836672444,,
1,New file 1,,,,,,,,,,,,70,203.099836672444,,
1,New file 1,,,,,,,,,,,,72,203.099836672444,,
1,New file 1,,,,,,,,,,,,74,203.099836672444,,
1,New file 1,,,,,,,,,,,,76,203.099836672444,,
1,New file 1,,,,,,,,,,,,78,203.099836672444,,
1,New file 1,,,,,,,,,,,,80,218.798134910696,,
1,New file 1,,,,,,,,,,,,82,218.798134910696,,
1,New file 1,,,,,,,,,,,,84,218.798134910696,,
1,New file 1,,,,,,,,,,,,86,218.798134910696,,
1,New file 1,,,,,,,,,,,,88,257.66400732185,,
1,New file 1,,,,,,,,,,,,90,257.66400732185,,
1,New file 1,,,,,,,,,,,,92,257.66400732185,,
1,New file 1,,,,,,,,,,,,94,257.66400732185,,
1,New file 1,,,,,,,,,,,,96,239.198078383185,,
1,New file 1,,,,,,,,,,,,98,239.198078383185,,
1,New file 1,,,,,,,,,,,,100,239.198078383185,,
1,New file 1,,,,,,,,,,,,102,228.308484197077,,
1,New file 1,,,,,,,,,,,,104,228.308484197077,,
1,New file 1,,,,,,,,,,,,106,228.308484197077,,
1,New file 1,,,,,,,,,,,,108,228.308484197077,,
1,New file 1,,,,,,,,,,,,110,228.308484197077,,
1,New file 1,,,,,,,,,,,,112,228.308484197077,,
1,New file 1,,,,,,,,,,,,114,248.965615426568,,
1,New file 1,,,,,,,,,,,,116,248.965615426568,,
1,New file 1,,,,,,,,,,,,118,248.965615426568,,
1,New file 1,,,,,,,,,,,,120,248.965615426568,,
1,New file 1,,,,,,,,,,,,122,248.965615426568,,
1,New file 1,,,,,,,,,,,,124,248.965615426568,,
1,New file 1,,,,,,,,,,,,126,248.965615426568,,
1,New file 1,,,,,,,,,,,,128,248.965615426568,,
1,New file 1,,,,,,,,,,,,130,248.965615426568,,
1,New file 1,,,,,,,,,,,,132,248.965615426568,,
1,New file 1,,,,,,,,,,,,134,244.413591384971,,
1,New file 1,,,,,,,,,,,,136,244.413591384971,,
1,New file 1,,,,,,,,,,,,138,244.413591384971,,
1,New file 1,,,,,,,,,,,,140,244.413591384971,,
1,New file 1,,,,,,,,,,,,142,231.033171244571,,
1,New file 1,,,,,,,,,,,,144,231.033171244571,,
1,New file 1,,,,,,,,,,,,146,231.033171244571,,
1,New file 1,,,,,,,,,,,,148,231.033171244571,,
1,New file 1,,,,,,,,,,,,150,231.033171244571,,
1,New file 1,,,,,,,,,,,,152,231.033171244571,,
1,New file 1,,,,,,,,,,,,154,231.020393671949,,
1,New file 1,,,,,,,,,,,,156,231.020393671949,,
1,New file 1,,,,,,,,,,,,158,231.020393671949,,
1,New file 1,,,,,,,,,,,,160,222.674196156647,,
1,New file 1,,,,,,,,,,,,162,222.674196156647,,
1,New file 1,,,,,,,,,,,,164,222.674196156647,,
1,New file 1,,,,,,,,,,,,166,231.86674243689,,
1,New file 1,,,,,,,,,,,,168,231.86674243689,,
1,New file 1,,,,,,,,,,,,170,231.86674243689,,
1,New file 1,,,,,,,,,,,,172,231.86674243689,,
1,New file 1,,,,,,,,,,,,174,238.216636141553,,
1,New file 1,,,,,,,,,,,,176,238.216636141553,,
1,New file 1,,,,,,,,,,,,178,238.216636141553,,
1,New file 1,,,,,,,,,,,,180,218.595115522053,,
1,New file 1,,,,,,,,,,,,182,218.595115522053,,
1,New file 1,,,,,,,,,,,,184,218.595115522053,,
1,New file 1,,,,,,,,,,,,186,218.595115522053,,
1,New file 1,,,,,,,,,,,,188,218.595115522053,,
1,New file 1,,,,,,,,,,,,190,218.595115522053,,
1,New file 1,,,,,,,,,,,,192,218.595115522053,,
1,New file 1,,,,,,,,,,,,194,218.595115522053,,
1,New file 1,,,,,,,,,,,,196,218.595115522053,,
1,New file 1,,,,,,,,,,,,198,218.595115522053,,
1,New file 1,,,,,,,,,,,,200,225.125599763484,,
1,New file 1,,,,,,,,,,,,202,225.125599763484,,
1,New file 1,,,,,,,,,,,,204,225.125599763484,,
1,New file 1,,,,,,,,,,,,206,225.125599763484,,
1,New file 1,,,,,,,,,,,,208,225.125599763484,,
1,New file 1,,,,,,,,,,,,210,225.125599763484,,
1,New file 1,,,,,,,,,,,,212,225.125599763484,,
1,New file 1,,,,,,,,,,,,214,225.125599763484,,
1,New file 1,,,,,,,,,,,,216,225.125599763484,,
1,New file 1,,,,,,,,,,,,218,225.125599763484,,
1,New file 1,,,,,,,,,,,,220,225.125599763484,,
1,New file 1,,,,,,,,,,,,222,220.156173443206,,
1,New file 1,,,,,,,,,,,,224,220.156173443206,,
1,New file 1,,,,,,,,,,,,226,220.156173443206,,
1,New file 1,,,,,,,,,,,,228,220.084196340142,,
1,New file 1,,,,,,,,,,,,230,220.084196340142,,
1,New file 1,,,,,,,,,,,,232,220.084196340142,,
1,New file 1,,,,,,,,,,,,234,220.084196340142,,
1,New file 1,,,,,,,,,,,,236,220.084196340142,,
1,New file 1,,,,,,,,,,,,238,220.084196340142,,
1,New file 1,,,,,,,,,,,,240,220.084196340142,,
1,New file 1,,,,,,,,,,,,242,220.084196340142,,
1,New file 1,,,,,,,,,,,,244,220.084196340142,,
1,New file 1,,,,,,,,,,,,246,220.084196340142,,
1,New file 1,,,,,,,,,,,,248,220.084196340142,,
1,New file 1,,,,,,,,,,,,250,220.084196340142,,
1,New file 1,,,,,,,,,,,,252,220.084196340142,,
1,New file 1,,,,,,,,,,,,254,220.084196340142,,
1,New file 1,,,,,,,,,,,,256,220.084196340142,,
1,New file 1,,,,,,,,,,,,258,220.084196340142,,
1,New file 1,,,,,,,,,,,,260,220.084196340142,,
1,New file 1,,,,,,,,,,,,262,220.084196340142,,
1,New file 1,,,,,,,,,,,,264,220.084196340142,,
1,New file 1,,,,,,,,,,,,266,216.496750678019,,
1,New file 1,,,,,,,,,,,,268,216.496750678019,,
1,New file 1,,,,,,,,,,,,270,216.496750678019,,
1,New file 1,,,,,,,,,,,,272,216.496750678019,,
1,New file 1,,,,,,,,,,,,274,216.496750678019,,
1,New file 1,,,,,,,,,,,,276,216.496750678019,,
1,New file 1,,,,,,,,,,,,278,216.496750678019,,
1,New file 1,,,,,,,,,,,,280,216.496750678019,,
1,New file 1,,,,,,,,,,,,282,216.496750678019,,
1,New file 1,,,,,,,,,,,,284,216.496750678019,,
1,New file 1,,,,,,,,,,,,286,216.496750678019,,
1,New file 1,,,,,,,,,,,,288,216.496750678019,,
1,New file 1,,,,,,,,,,,,290,216.496750678019,,
1,New file 1,,,,,,,,,,,,292,216.496750678019,,
1,New file 1,,,,,,,,,,,,294,216.496750678019,,
1,New file 1,,,,,,,,,,,,296,216.496750678019,,
1,New file 1,,,,,,,,,,,,298,203.376622421118,,
1,New file 1,,,,,,,,,,,,300,203.376622421118,,
1,New file 1,,,,,,,,,,,,302,203.376622421118,,
1,New file 1,,,,,,,,,,,,304,203.376622421118,,
1,New file 1,,,,,,,,,,,,306,203.376622421118,,
1,New file 1,,,,,,,,,,,,308,203.376622421118,,
1,New file 1,,,,,,,,,,,,310,212.413887045121,,
1,New file 1,,,,,,,,,,,,312,212.413887045121,,
1,New file 1,,,,,,,,,,,,314,212.413887045121,,
1,New file 1,,,,,,,,,,,,316,212.413887045121,,
1,New file 1,,,,,,,,,,,,318,212.413887045121,,
1,New file 1,,,,,,,,,,,,320,190.697079572607,,
1,New file 1,,,,,,,,,,,,322,190.697079572607,,
1,New file 1,,,,,,,,,,,,324,190.697079572607,,
1,New file 1,,,,,,,,,,,,326,190.697079572607,,
1,New file 1,,,,,,,,,,,,328,179.832182951948,,
1,New file 1,,,,,,,,,,,,330,179.832182951948,,
1,New file 1,,,,,,,,,,,,332,179.832182951948,,
1,New file 1,,,,,,,,,,,,334,192.558653526229,,
1,New file 1,,,,,,,,,,,,336,204.948292480386,,
1,New file 1,,,,,,,,,,,,338,204.948292480386,,
1,New file 1,,,,,,,,,,,,340,233.923994236911,,
1,New file 1,,,,,,,,,,,,342,233.923994236911,,
1,New file 1,,,,,,,,,,,,344,219.206740635795,,
1,New file 1,,,,,,,,,,,,346,219.206740635795,,
1,New file 1,,,,,,,,,,,,348,219.206740635795,,
1,New file 1,,,,,,,,,,,,350,196.589895204512,,
1,New file 1,,,,,,,,,,,,352,196.589895204512,,
1,New file 1,,,,,,,,,,,,354,167.848228740491,,
1,New file 1,,,,,,,,,,,,356,167.848228740491,,
1,New file 1,,,,,,,,,,,,358,167.848228740491,,
1,New file 1,,,,,,,,,,,,360,124.753853823197,,
1,New file 1,,,,,,,,,,,,362,124.753853823197,,
1,New file 1,,,,,,,,,,,,364,105.781690490246,,
1,New file 1,,,,,,,,,,,,366,105.781690490246,,
1,New file 1,,,,,,,,,,,,368,105.781690490246,,
1,New file 1,,,,,,,,,,,,370,80.379540372154,,
1,New file 1,,,,,,,,,,,,372,80.379540372154,,
1,New file 1,,,,,,,,,,,,374,44.9833822024626,,
1,New file 1,,,,,,,,,,,,376,44.9833822024626,,
1,New file 1,,,,,,,,,,,,378,44.9833822024626,,
1,New file 1,,,,,,,,,,,,380,44.9833822024626,,
1,New file 1,,,,,,,,,,,,382,44.9833822024626,,
1,New file 1,,,,,,,,,,,,384,44.9833822024626,,
1,New file 1,,,,,,,,,,,,386,44.9833822024626,,
1,New file 1,,,,,,,,,,,,388,44.9833822024626,,
1,New file 1,,,,,,,,,,,,390,38.261348656679,,
1,New file 1,,,,,,,,,,,,392,38.261348656679,,
1,New file 1,,,,,,,,,,,,394,38.261348656679,,
1,New file 1,,,,,,,,,,,,396,38.261348656679,,
1,New file 1,,,,,,,,,,,,398,38.261348656679,,
1,New file 1,,,,,,,,,,,,400,38.261348656679,,
1,New file 1,,,,,,,,,,,,402,38.261348656679,,
1,New file 1,,,,,,,,,,,,404,38.261348656679,,
1,New file 1,,,,,,,,,,,,406,38.261348656679,,
1,New file 1,,,,,,,,,,,,408,38.261348656679,,
1,New file 1,,,,,,,,,,,,410,38.261348656679,,
1,New file 1,,,,,,,,,,,,412,38.261348656679,,
1,New file 1,,,,,,,,,,,,414,38.261348656679,,
1,New file 1,,,,,,,,,,,,416,38.261348656679,,
1,New file 1,,,,,,,,,,,,418,38.261348656679,,
1,New file 1,,,,,,,,,,,,420,38.261348656679,,
1,New file 1,,,,,,,,,,,,422,38.261348656679,,
1,New file 1,,,,,,,,,,,,424,38.261348656679,,
1,New file 1,,,,,,,,,,,,426,38.261348656679,,
1,New file 1,,,,,,,,,,,,428,58.9915192727613,,
1,New file 1,,,,,,,,,,,,430,58.9915192727613,,
1,New file 1,,,,,,,,,,,,432,58.9915192727613,,
1,New file 1,,,,,,,,,,,,434,77.8513380671875,,
1,New file 1,,,,,,,,,,,,436,77.8513380671875,,
1,New file 1,,,,,,,,,,,,438,128.841440103229,,
1,New file 1,,,,,,,,,,,,440,189.955170470733,,
1,New file 1,,,,,,,,,,,,442,219.151203583881,,
1,New file 1,,,,,,,,,,,,444,219.151203583881,,
1,New file 1,,,,,,,,,,,,446,219.151203583881,,
1,New file 1,,,,,,,,,,,,448,219.151203583881,,
1,New file 1,,,,,,,,,,,,450,201.621750883423,,
1,New file 1,,,,,,,,,,,,452,201.621750883423,,
1,New file 1,,,,,,,,,,,,454,196.074099201043,,
1,New file 1,,,,,,,,,,,,456,196.074099201043,,
1,New file 1,,,,,,,,,,,,458,196.074099201043,,
1,New file 1,,,,,,,,,,,,460,196.074099201043,,
1,New file 1,,,,,,,,,,,,462,196.074099201043,,
1,New file 1,,,,,,,,,,,,464,196.074099201043,,
1,New file 1,,,,,,,,,,,,466,193.465726672482,,
1,New file 1,,,,,,,,,,,,468,193.465726672482,,
1,New file 1,,,,,,,,,,,,470,193.465726672482,,
1,New file 1,,,,,,,,,,,,472,193.465726672482,,
1,New file 1,,,,,,,,,,,,474,193.465726672482,,
1,New file 1,,,,,,,,,,,,476,193.465726672482,,
1,New file 1,,,,,,,,,,,,478,199.733554762743,,
1,New file 1,,,,,,,,,,,,480,199.733554762743,,
1,New file 1,,,,,,,,,,,,482,199.733554762743,,
1,New file 1,,,,,,,,,,,,484,199.733554762743,,
1,New file 1,,,,,,,,,,,,486,199.733554762743,,
1,New file 1,,,,,,,,,,,,488,199.733554762743,,
1,New file 1,,,,,,,,,,,,490,217.071160910012,,
1,New file 1,,,,,,,,,,,,492,217.071160910012,,
1,New file 1,,,,,,,,,,,,494,217.071160910012,,
1,New file 1,,,,,,,,,,,,496,217.071160910012,,
1,New file 1,,,,,,,,,,,,498,217.071160910012,,
1,New file 1,,,,,,,,,,,,500,160.774671365252,,
1,New file 1,,,,,,,,,,,,502,103.341012623627,,
1,New file 1,,,,,,,,,,,,504,63.9836459883085,,
1,New file 1,,,,,,,,,,,,506,63.9836459883085,,
1,New file 1,,,,,,,,,,,,508,46.2192660118325,,
1,New file 1,,,,,,,,,,,,510,46.2192660118325,,
1,New file 1,,,,,,,,,,,,512,46.2192660118325,,
1,New file 1,,,,,,,,,,,,514,46.2192660118325,,
1,New file 1,,,,,,,,,,,,516,46.2192660118325,,
1,New file 1,,,,,,,,,,,,518,34.1887477969508,,
1,New file 1,,,,,,,,,,,,520,34.1887477969508,,
1,New file 1,,,,,,,,,,,,522,34.1887477969508,,
1,New file 1,,,,,,,,,,,,524,34.1887477969508,,
1,New file 1,,,,,,,,,,,,526,34.1887477969508,,
1,New file 1,,,,,,,,,,,,528,34.1887477969508,,
1,New file 1,,,,,,,,,,,,530,43.8870945323902,,
1,New file 1,,,,,,,,,,,,532,43.8870945323902,,
1,New file 1,,,,,,,,,,,,534,43.8870945323902,,
1,New file 1,,,,,,,,,,,,536,43.8870945323902,,
1,New file 1,,,,,,,,,,,,538,43.8870945323902,,
1,New file 1,,,,,,,,,,,,540,43.8870945323902,,
1,New file 1,,,,,,,,,,,,542,51.6458524039844,,
1,New file 1,,,,,,,,,,,,544,51.6458524039844,,
1,New file 1,,,,,,,,,,,,546,51.6458524039844,,
1,New file 1,,,,,,,,,,,,548,51.6458524039844,,
1,New file 1,,,,,,,,,,,,550,51.6458524039844,,
1,New file 1,,,,,,,,,,,,552,51.6458524039844,,
1,New file 1,,,,,,,,,,,,554,64.7635246717913,,
1,New file 1,,,,,,,,,,,,556,64.7635246717913,,
1,New file 1,,,,,,,,,,,,558,64.7635246717913,,
1,New file 1,,,,,,,,,,,,560,64.7635246717913,,
1,New file 1,,,,,,,,,,,,562,64.7635246717913,,
1,New file 1,,,,,,,,,,,,564,78.352554777391,,
1,New file 1,,,,,,,,,,,,566,78.352554777391,,
1,New file 1,,,,,,,,,,,,568,78.352554777391,,
1,New file 1,,,,,,,,,,,,570,78.352554777391,,
1,New file 1,,,,,,,,,,,,572,78.352554777391,,
1,New file 1,,,,,,,,,,,,574,90.8120822268322,,
1,New file 1,,,,,,,,,,,,576,90.8120822268322,,
1,New file 1,,,,,,,,,,,,578,90.8120822268322,,
1,New file 1,,,,,,,,,,,,580,90.8120822268322,,
1,New file 1,,,,,,,,,,,,582,90.8120822268322,,
1,New file 1,,,,,,,,,,,,584,90.8120822268322,,
1,New file 1,,,,,,,,,,,,586,83.4738095571501,,
1,New file 1,,,,,,,,,,,,588,83.4738095571501,,
1,New file 1,,,,,,,,,,,,590,83.4738095571501,,
1,New file 1,,,,,,,,,,,,592,83.4738095571501,,
1,New file 1,,,,,,,,,,,,594,83.4738095571501,,
1,New file 1,,,,,,,,,,,,596,83.4738095571501,,
1,New file 1,,,,,,,,,,,,598,83.4738095571501,,
1,New file 1,,,,,,,,,,,,600,83.4738095571501,,
1,New file 1,,,,,,,,,,,,602,75.1624859266545,,
1,New file 1,,,,,,,,,,,,604,75.1624859266545,,
1,New file 1,,,,,,,,,,,,606,75.1624859266545,,
1,New file 1,,,,,,,,,,,,608,75.1624859266545,,
1,New file 1,,,,,,,,,,,,610,75.1624859266545,,
1,New file 1,,,,,,,,,,,,612,75.1624859266545,,
1,New file 1,,,,,,,,,,,,614,75.1624859266545,,
1,New file 1,,,,,,,,,,,,616,88.3098593076812,,
1,New file 1,,,,,,,,,,,,618,88.3098593076812,,
1,New file 1,,,,,,,,,,,,620,88.3098593076812,,
1,New file 1,,,,,,,,,,,,622,124.752617274714,,
1,New file 1,,,,,,,,,,,,624,189.792493018444,,
1,New file 1,,,,,,,,,,,,626,228.287391588583,,
1,New file 1,,,,,,,,,,,,628,228.287391588583,,
1,New file 1,,,,,,,,,,,,630,238.770045417898,,
1,New file 1,,,,,,,,,,,,632,238.770045417898,,
1,New file 1,,,,,,,,,,,,634,238.770045417898,,
1,New file 1,,,,,,,,,,,,636,238.770045417898,,
1,New file 1,,,,,,,,,,,,638,228.942378493811,,
1,New file 1,,,,,,,,,,,,640,228.942378493811,,
1,New file 1,,,,,,,,,,,,642,219.35250381651,,
1,New file 1,,,,,,,,,,,,644,219.35250381651,,
1,New file 1,,,,,,,,,,,,646,219.35250381651,,
1,New file 1,,,,,,,,,,,,648,224.42988984053,,
1,New file 1,,,,,,,,,,,,650,224.42988984053,,
1,New file 1,,,,,,,,,,,,652,224.42988984053,,
1,New file 1,,,,,,,,,,,,654,224.42988984053,,
1,New file 1,,,,,,,,,,,,656,224.42988984053,,
1,New file 1,,,,,,,,,,,,658,224.42988984053,,
1,New file 1,,,,,,,,,,,,660,224.42988984053,,
1,New file 1,,,,,,,,,,,,662,224.42988984053,,
1,New file 1,,,,,,,,,,,,664,224.42988984053,,
1,New file 1,,,,,,,,,,,,666,240.159730613978,,
1,New file 1,,,,,,,,,,,,668,240.159730613978,,
1,New file 1,,,,,,,,,,,,670,240.159730613978,,
1,New file 1,,,,,,,,,,,,672,219.938703938929,,
1,New file 1,,,,,,,,,,,,674,219.938703938929,,
1,New file 1,,,,,,,,,,,,676,219.938703938929,,
1,New file 1,,,,,,,,,,,,678,219.938703938929,,
1,New file 1,,,,,,,,,,,,680,219.938703938929,,
1,New file 1,,,,,,,,,,,,682,239.476137749891,,
1,New file 1,,,,,,,,,,,,684,239.476137749891,,
1,New file 1,,,,,,,,,,,,686,239.476137749891,,
1,New file 1,,,,,,,,,,,,688,239.476137749891,,
1,New file 1,,,,,,,,,,,,690,239.476137749891,,
1,New file 1,,,,,,,,,,,,692,239.476137749891,,
1,New file 1,,,,,,,,,,,,694,239.476137749891,,
1,New file 1,,,,,,,,,,,,696,212.413479344357,,
1,New file 1,,,,,,,,,,,,698,132.864265859825,,
1,New file 1,,,,,,,,,,,,700,86.5839937192755,,
1,New file 1,,,,,,,,,,,,702,86.5839937192755,,
1,New file 1,,,,,,,,,,,,704,86.5839937192755,,
1,New file 1,,,,,,,,,,,,706,86.5839937192755,,
1,New file 1,,,,,,,,,,,,708,86.5839937192755,,
1,New file 1,,,,,,,,,,,,710,86.5839937192755,,
1,New file 1,,,,,,,,,,,,712,67.5351304582979,,
1,New file 1,,,,,,,,,,,,714,67.5351304582979,,
1,New file 1,,,,,,,,,,,,716,67.5351304582979,,
1,New file 1,,,,,,,,,,,,718,67.5351304582979,,
1,New file 1,,,,,,,,,,,,720,88.3101733462236,,
1,New file 1,,,,,,,,,,,,722,160.955018125139,,
1,New file 1,,,,,,,,,,,,724,220.891992332861,,
1,New file 1,,,,,,,,,,,,726,231.867666995292,,
1,New file 1,,,,,,,,,,,,728,231.867666995292,,
1,New file 1,,,,,,,,,,,,730,231.867666995292,,
1,New file 1,,,,,,,,,,,,732,231.867666995292,,
1,New file 1,,,,,,,,,,,,734,231.867666995292,,
1,New file 1,,,,,,,,,,,,736,225.800465673448,,
1,New file 1,,,,,,,,,,,,738,225.800465673448,,
1,New file 1,,,,,,,,,,,,740,225.800465673448,,
1,New file 1,,,,,,,,,,,,742,225.800465673448,,
1,New file 1,,,,,,,,,,,,744,155.689002318583,,
1,New file 1,,,,,,,,,,,,746,97.8369103352676,,
1,New file 1,,,,,,,,,,,,748,97.8369103352676,,
1,New file 1,,,,,,,,,,,,750,73.7991663231267,,
1,New file 1,,,,,,,,,,,,752,73.7991663231267,,
1,New file 1,,,,,,,,,,,,754,73.7991663231267,,
1,New file 1,,,,,,,,,,,,756,73.7991663231267,,
1,New file 1,,,,,,,,,,,,758,93.9330967454501,,
1,New file 1,,,,,,,,,,,,760,75.7761670788136,,
1,New file 1,,,,,,,,,,,,762,75.7761670788136,,
1,New file 1,,,,,,,,,,,,764,75.7761670788136,,
1,New file 1,,,,,,,,,,,,766,75.7761670788136,,
1,New file 1,,,,,,,,,,,,768,110.775637896816,,
1,New file 1,,,,,,,,,,,,770,216.240825376796,,
1,New file 1,,,,,,,,,,,,772,216.240825376796,,
1,New file 1,,,,,,,,,,,,774,216.240825376796,,
1,New file 1,,,,,,,,,,,,776,216.240825376796,,
1,New file 1,,,,,,,,,,,,778,236.936096021424,,
1,New file 1,,,,,,,,,,,,780,236.936096021424,,
1,New file 1,,,,,,,,,,,,782,236.936096021424,,
1,New file 1,,,,,,,,,,,,784,236.936096021424,,
1,New file 1,,,,,,,,,,,,786,236.936096021424,,
1,New file 1,,,,,,,,,,,,788,236.936096021424,,
1,New file 1,,,,,,,,,,,,790,236.936096021424,,
1,New file 1,,,,,,,,,,,,792,123.284709367343,,
1,New file 1,,,,,,,,,,,,794,101.82824641285,,
1,New file 1,,,,,,,,,,,,796,101.82824641285,,
1,New file 1,,,,,,,,,,,,798,86.3431280541569,,
1,New file 1,,,,,,,,,,,,800,86.3431280541569,,
1,New file 1,,,,,,,,,,,,802,86.3431280541569,,
1,New file 1,,,,,,,,,,,,804,86.3431280541569,,
1,New file 1,,,,,,,,,,,,806,86.3431280541569,,
1,New file 1,,,,,,,,,,,,808,73.8509603988306,,
1,New file 1,,,,,,,,,,,,810,73.8509603988306,,
1,New file 1,,,,,,,,,,,,812,48.5933472543485,,
1,New file 1,,,,,,,,,,,,814,48.5933472543485,,
1,New file 1,,,,,,,,,,,,816,73.0145393797,,
1,New file 1,,,,,,,,,,,,818,134.839525161708,,
1,New file 1,,,,,,,,,,,,820,176.029039461785,,
1,New file 1,,,,,,,,,,,,822,202.605477960369,,
1,New file 1,,,,,,,,,,,,824,212.413297515777,,
1,New file 1,,,,,,,,,,,,826,212.413297515777,,
1,New file 1,,,,,,,,,,,,828,212.413297515777,,
1,New file 1,,,,,,,,,,,,830,212.413297515777,,
1,New file 1,,,,,,,,,,,,832,212.413297515777,,
1,New file 1,,,,,,,,,,,,834,234.537663451494,,
1,New file 1,,,,,,,,,,,,836,234.537663451494,,
1,New file 1,,,,,,,,,,,,838,222.505377266116,,
1,New file 1,,,,,,,,,,,,840,222.505377266116,,
1,New file 1,,,,,,,,,,,,842,222.505377266116,,
1,New file 1,,,,,,,,,,,,844,247.65086014978,,
1,New file 1,,,,,,,,,,,,846,247.65086014978,,
1,New file 1,,,,,,,,,,,,848,247.65086014978,,
1,New file 1,,,,,,,,,,,,850,247.65086014978,,
1,New file 1,,,,,,,,,,,,852,247.65086014978,,
1,New file 1,,,,,,,,,,,,854,247.65086014978,,
1,New file 1,,,,,,,,,,,,856,221.780861489224,,
1,New file 1,,,,,,,,,,,,858,109.661763021752,,
1,New file 1,,,,,,,,,,,,860,109.661763021752,,
1,New file 1,,,,,,,,,,,,862,92.9435479410415,,
1,New file 1,,,,,,,,,,,,864,92.9435479410415,,
1,New file 1,,,,,,,,,,,,866,92.9435479410415,,
1,New file 1,,,,,,,,,,,,868,92.9435479410415,,
1,New file 1,,,,,,,,,,,,870,92.9435479410415,,
1,New file 1,,,,,,,,,,,,872,92.9435479410415,,
1,New file 1,,,,,,,,,,,,874,79.3814819928981,,
1,New file 1,,,,,,,,,,,,876,79.3814819928981,,
1,New file 1,,,,,,,,,,,,878,79.3814819928981,,
1,New file 1,,,,,,,,,,,,880,79.3814819928981,,
1,New file 1,,,,,,,,,,,,882,68.3730570601211,,
1,New file 1,,,,,,,,,,,,884,68.3730570601211,,
1,New file 1,,,,,,,,,,,,886,59.0874460466248,,
1,New file 1,,,,,,,,,,,,888,59.0874460466248,,
1,New file 1,,,,,,,,,,,,890,59.0874460466248,,
1,New file 1,,,,,,,,,,,,892,99.6960545544387,,
1,New file 1,,,,,,,,,,,,894,235.443306931888,,
1,New file 1,,,,,,,,,,,,896,235.443306931888,,
1,New file 1,,,,,,,,,,,,898,235.443306931888,,
1,New file 1,,,,,,,,,,,,900,224.062739752146,,
1,New file 1,,,,,,,,,,,,902,224.062739752146,,
1,New file 1,,,,,,,,,,,,904,224.062739752146,,
1,New file 1,,,,,,,,,,,,906,224.062739752146,,
1,New file 1,,,,,,,,,,,,908,224.062739752146,,
1,New file 1,,,,,,,,,,,,910,213.430739737482,,
1,New file 1,,,,,,,,,,,,912,213.430739737482,,
1,New file 1,,,,,,,,,,,,914,213.430739737482,,
1,New file 1,,,,,,,,,,,,916,213.430739737482,,
1,New file 1,,,,,,,,,,,,918,213.430739737482,,
1,New file 1,,,,,,,,,,,,920,213.430739737482,,
1,New file 1,,,,,,,,,,,,922,213.430739737482,,
1,New file 1,,,,,,,,,,,,924,213.430739737482,,
1,New file 1,,,,,,,,,,,,926,213.430739737482,,
1,New file 1,,,,,,,,,,,,928,213.430739737482,,
1,New file 1,,,,,,,,,,,,930,213.430739737482,,
1,New file 1,,,,,,,,,,,,932,202.907760828875,,
1,New file 1,,,,,,,,,,,,934,202.907760828875,,
1,New file 1,,,,,,,,,,,,936,202.907760828875,,
1,New file 1,,,,,,,,,,,,938,202.907760828875,,
1,New file 1,,,,,,,,,,,,940,193.06313985969,,
1,New file 1,,,,,,,,,,,,942,193.06313985969,,
1,New file 1,,,,,,,,,,,,944,193.06313985969,,
1,New file 1,,,,,,,,,,,,946,193.06313985969,,
1,New file 1,,,,,,,,,,,,948,193.06313985969,,
1,New file 1,,,,,,,,,,,,950,186.650272240299,,
1,New file 1,,,,,,,,,,,,952,186.650272240299,,
1,New file 1,,,,,,,,,,,,954,186.650272240299,,
1,New file 1,,,,,,,,,,,,956,186.650272240299,,
1,New file 1,,,,,,,,,,,,958,186.650272240299,,
1,New file 1,,,,,,,,,,,,960,186.650272240299,,
1,New file 1,,,,,,,,,,,,962,177.328142712379,,
1,New file 1,,,,,,,,,,,,964,177.328142712379,,
1,New file 1,,,,,,,,,,,,966,177.328142712379,,
1,New file 1,,,,,,,,,,,,968,177.328142712379,,
1,New file 1,,,,,,,,,,,,970,185.371400469179,,
1,New file 1,,,,,,,,,,,,972,185.371400469179,,
1,New file 1,,,,,,,,,,,,974,185.371400469179,,
1,New file 1,,,,,,,,,,,,976,185.371400469179,,
1,New file 1,,,,,,,,,,,,978,185.371400469179,,
1,New file 1,,,,,,,,,,,,980,175.848453112638,,
1,New file 1,,,,,,,,,,,,982,175.848453112638,,
1,New file 1,,,,,,,,,,,,984,175.848453112638,,
1,New file 1,,,,,,,,,,,,986,144.20655473896,,
1,New file 1,,,,,,,,,,,,988,144.20655473896,,
1,New file 1,,,,,,,,,,,,990,101.110440809,,
1,New file 1,,,,,,,,,,,,992,55.7474529038224,,
1,New file 1,,,,,,,,,,,,994,55.7474529038224,,
1,New file 1,,,,,,,,,,,,996,55.7474529038224,,
1,New file 1,,,,,,,,,,,,998,55.7474529038224,,
1,New file 1,,,,,,,,,,,,1000,30.1734648941436,,
1,New file 1,,,,,,,,,,,,1002,30.1734648941436,,
1,New file 1,,,,,,,,,,,,1004,30.1734648941436,,
1,New file 1,,,,,,,,,,,,1006,30.1734648941436,,
1,New file 1,,,,,,,,,,,,1008,30.1734648941436,,
1,New file 1,,,,,,,,,,,,1010,30.1734648941436,,
1,New file 1,,,,,,,,,,,,1012,30.1734648941436,,
1,New file 1,,,,,,,,,,,,1014,30.1734648941436,,
1,New file 1,,,,,,,,,,,,1016,33.3057663646417,,
1,New file 1,,,,,,,,,,,,1018,33.3057663646417,,
1,New file 1,,,,,,,,,,,,1020,33.3057663646417,,
1,New file 1,,,,,,,,,,,,1022,33.3057663646417,,
1,New file 1,,,,,,,,,,,,1024,33.3057663646417,,
1,New file 1,,,,,,,,,,,,1026,33.3057663646417,,
1,New file 1,,,,,,,,,,,,1028,33.3057663646417,,
1,New file 1,,,,,,,,,,,,1030,33.3057663646417,,
1,New file 1,,,,,,,,,,,,1032,40.4835464176505,,
1,New file 1,,,,,,,,,,,,1034,40.4835464176505,,
1,New file 1,,,,,,,,,,,,1036,40.4835464176505,,
1,New file 1,,,,,,,,,,,,1038,40.4835464176505,,
1,New file 1,,,,,,,,,,,,1040,40.4835464176505,,
1,New file 1,,,,,,,,,,,,1042,40.4835464176505,,
1,New file 1,,,,,,,,,,,,1044,48.0337769437128,,
1,New file 1,,,,,,,,,,,,1046,48.0337769437128,,
1,New file 1,,,,,,,,,,,,1048,48.0337769437128,,
1,New file 1,,,,,,,,,,,,1050,48.0337769437128,,
1,New file 1,,,,,,,,,,,,1052,48.0337769437128,,
1,New file 1,,,,,,,,,,,,1054,48.0337769437128,,
1,New file 1,,,,,,,,,,,,1056,48.0337769437128,,
1,New file 1,,,,,,,,,,,,1058,48.0337769437128,,
1,New file 1,,,,,,,,,,,,1060,48.0337769437128,,
1,New file 1,,,,,,,,,,,,1062,48.0096517797663,,
1,New file 1,,,,,,,,,,,,1064,48.0096517797663,,
1,New file 1,,,,,,,,,,,,1066,48.0096517797663,,
1,New file 1,,,,,,,,,,,,1068,48.0096517797663,,
1,New file 1,,,,,,,,,,,,1070,48.0096517797663,,
1,New file 1,,,,,,,,,,,,1072,38.3040086457231,,
1,New file 1,,,,,,,,,,,,1074,38.3040086457231,,
1,New file 1,,,,,,,,,,,,1076,38.3040086457231,,
1,New file 1,,,,,,,,,,,,1078,38.3040086457231,,
1,New file 1,,,,,,,,,,,,1080,38.3040086457231,,
1,New file 1,,,,,,,,,,,,1082,38.3040086457231,,
1,New file 1,,,,,,,,,,,,1084,38.3040086457231,,
1,New file 1,,,,,,,,,,,,1086,38.3040086457231,,
1,New file 1,,,,,,,,,,,,1088,32.1978413185196,,
1,New file 1,,,,,,,,,,,,1090,32.1978413185196,,
1,New file 1,,,,,,,,,,,,1092,32.1978413185196,,
1,New file 1,,,,,,,,,,,,1094,32.1978413185196,,
1,New file 1,,,,,,,,,,,,1096,32.1978413185196,,
1,New file 1,,,,,,,,,,,,1098,32.1978413185196,,
1,New file 1,,,,,,,,,,,,1100,32.1978413185196,,
1,New file 1,,,,,,,,,,,,1102,32.1978413185196,,
1,New file 1,,,,,,,,,,,,1104,39.0097290437163,,
1,New file 1,,,,,,,,,,,,1106,39.0097290437163,,
1,New file 1,,,,,,,,,,,,1108,39.0097290437163,,
1,New file 1,,,,,,,,,,,,1110,39.0097290437163,,
1,New file 1,,,,,,,,,,,,1112,39.0097290437163,,
1,New file 1,,,,,,,,,,,,1114,39.0097290437163,,
1,New file 1,,,,,,,,,,,,1116,39.0097290437163,,
1,New file 1,,,,,,,,,,,,1118,39.0097290437163,,
1,New file 1,,,,,,,,,,,,1120,72.6768261650573,,
1,New file 1,,,,,,,,,,,,1122,72.6768261650573,,
1,New file 1,,,,,,,,,,,,1124,72.6768261650573,,
1,New file 1,,,,,,,,,,,,1126,72.6768261650573,,
1,New file 1,,,,,,,,,,,,1128,88.3092943333733,,
1,New file 1,,,,,,,,,,,,1130,88.3092943333733,,
1,New file 1,,,,,,,,,,,,1132,88.3092943333733,,
1,New file 1,,,,,,,,,,,,1134,105.485648772365,,
1,New file 1,,,,,,,,,,,,1136,146.080447300546,,
1,New file 1,,,,,,,,,,,,1138,146.080447300546,,
1,New file 1,,,,,,,,,,,,1140,131.346223888708,,
1,New file 1,,,,,,,,,,,,1142,131.346223888708,,
1,New file 1,,,,,,,,,,,,1144,131.346223888708,,
1,New file 1,,,,,,,,,,,,1146,131.346223888708,,
1,New file 1,,,,,,,,,,,,1148,131.346223888708,,
1,New file 1,,,,,,,,,,,,1150,131.346223888708,,
1,New file 1,,,,,,,,,,,,1152,131.346223888708,,
1,New file 1,,,,,,,,,,,,1154,131.346223888708,,
1,New file 1,,,,,,,,,,,,1156,138.967928051415,,
1,New file 1,,,,,,,,,,,,1158,138.967928051415,,
1,New file 1,,,,,,,,,,,,1160,138.967928051415,,
1,New file 1,,,,,,,,,,,,1162,181.078137009599,,
1,New file 1,,,,,,,,,,,,1164,279.44856052633,,
1,New file 1,,,,,,,,,,,,1166,292.289707422807,,
1,New file 1,,,,,,,,,,,,1168,292.289707422807,,
1,New file 1,,,,,,,,,,,,1170,292.289707422807,,
1,New file 1,,,,,,,,,,,,1172,292.289707422807,,
1,New file 1,,,,,,,,,,,,1174,292.289707422807,,
1,New file 1,,,,,,,,,,,,1176,292.289707422807,,
1,New file 1,,,,,,,,,,,,1178,292.289707422807,,
1,New file 1,,,,,,,,,,,,1180,278.768367161646,,
1,New file 1,,,,,,,,,,,,1182,278.768367161646,,
1,New file 1,,,,,,,,,,,,1184,233.260231585793,,
1,New file 1,,,,,,,,,,,,1186,233.260231585793,,
1,New file 1,,,,,,,,,,,,1188,199.252640679162,,
1,New file 1,,,,,,,,,,,,1190,199.252640679162,,
1,New file 1,,,,,,,,,,,,1192,199.252640679162,,
1,New file 1,,,,,,,,,,,,1194,199.252640679162,,
1,New file 1,,,,,,,,,,,,1196,199.252640679162,,
1,New file 1,,,,,,,,,,,,1198,199.252640679162,,
1,New file 1,,,,,,,,,,,,1200,199.252640679162,,
1,New file 1,,,,,,,,,,,,1202,192.173312829281,,
1,New file 1,,,,,,,,,,,,1204,192.173312829281,,
1,New file 1,,,,,,,,,,,,1206,192.173312829281,,
1,New file 1,,,,,,,,,,,,1208,192.173312829281,,
1,New file 1,,,,,,,,,,,,1210,192.173312829281,,
1,New file 1,,,,,,,,,,,,1212,192.173312829281,,
1,New file 1,,,,,,,,,,,,1214,187.040542510288,,
1,New file 1,,,,,,,,,,,,1216,187.040542510288,,
1,New file 1,,,,,,,,,,,,1218,187.040542510288,,
1,New file 1,,,,,,,,,,,,1220,187.040542510288,,
1,New file 1,,,,,,,,,,,,1222,187.040542510288,,
1,New file 1,,,,,,,,,,,,1224,178.655800602642,,
1,New file 1,,,,,,,,,,,,1226,178.655800602642,,
1,New file 1,,,,,,,,,,,,1228,178.655800602642,,
1,New file 1,,,,,,,,,,,,1230,178.655800602642,,
1,New file 1,,,,,,,,,,,,1232,178.655800602642,,
1,New file 1,,,,,,,,,,,,1234,178.655800602642,,
1,New file 1,,,,,,,,,,,,1236,178.655800602642,,
1,New file 1,,,,,,,,,,,,1238,185.843307299554,,
1,New file 1,,,,,,,,,,,,1240,185.843307299554,,
1,New file 1,,,,,,,,,,,,1242,185.843307299554,,
1,New file 1,,,,,,,,,,,,1244,185.843307299554,,
1,New file 1,,,,,,,,,,,,1246,185.843307299554,,
1,New file 1,,,,,,,,,,,,1248,185.843307299554,,
1,New file 1,,,,,,,,,,,,1250,185.843307299554,,
1,New file 1,,,,,,,,,,,,1252,180.867295124389,,
1,New file 1,,,,,,,,,,,,1254,180.867295124389,,
1,New file 1,,,,,,,,,,,,1256,180.867295124389,,
1,New file 1,,,,,,,,,,,,1258,180.867295124389,,
1,New file 1,,,,,,,,,,,,1260,180.867295124389,,
1,New file 1,,,,,,,,,,,,1262,180.867295124389,,
1,New file 1,,,,,,,,,,,,1264,180.867295124389,,
1,New file 1,,,,,,,,,,,,1266,180.867295124389,,
1,New file 1,,,,,,,,,,,,1268,180.867295124389,,
1,New file 1,,,,,,,,,,,,1270,180.867295124389,,
1,New file 1,,,,,,,,,,,,1272,180.867295124389,,
1,New file 1,,,,,,,,,,,,1274,180.867295124389,,
1,New file 1,,,,,,,,,,,,1276,180.867295124389,,
1,New file 1,,,,,,,,,,,,1278,180.867295124389,,
1,New file 1,,,,,,,,,,,,1280,180.867295124389,,
1,New file 1,,,,,,,,,,,,1282,180.867295124389,,
1,New file 1,,,,,,,,,,,,1284,157.155919848395,,
1,New file 1,,,,,,,,,,,,1286,157.155919848395,,
1,New file 1,,,,,,,,,,,,1288,157.155919848395,,
1,New file 1,,,,,,,,,,,,1290,123.425440607068,,
1,New file 1,,,,,,,,,,,,1292,58.4404633572973,,
1,New file 1,,,,,,,,,,,,1294,32.413179981116,,
1,New file 1,,,,,,,,,,,,1296,32.413179981116,,
1,New file 1,,,,,,,,,,,,1298,3.51773100535553,,
1,New file 1,,,,,,,,,,,,1300,3.51773100535553,,
1,New file 1,,,,,,,,,,,,1302,3.51773100535553,,
1,New file 1,,,,,,,,,,,,1304,3.51773100535553,,
1,New file 1,,,,,,,,,,,,1306,3.51773100535553,,
1,New file 1,,,,,,,,,,,,1308,3.51773100535553,,
1,New file 1,,,,,,,,,,,,1310,16.0644226553873,,
1,New file 1,,,,,,,,,,,,1312,16.0644226553873,,
1,New file 1,,,,,,,,,,,,1314,16.0644226553873,,
1,New file 1,,,,,,,,,,,,1316,16.0644226553873,,
1,New file 1,,,,,,,,,,,,1318,16.0644226553873,,
1,New file 1,,,,,,,,,,,,1320,16.0644226553873,,
1,New file 1,,,,,,,,,,,,1322,16.0644226553873,,
1,New file 1,,,,,,,,,,,,1324,33.6755426943553,,
1,New file 1,,,,,,,,,,,,1326,33.6755426943553,,
1,New file 1,,,,,,,,,,,,1328,33.6755426943553,,
1,New file 1,,,,,,,,,,,,1330,33.6755426943553,,
1,New file 1,,,,,,,,,,,,1332,33.6755426943553,,
1,New file 1,,,,,,,,,,,,1334,33.6755426943553,,
1,New file 1,,,,,,,,,,,,1336,67.4059096001878,,
1,New file 1,,,,,,,,,,,,1338,67.4059096001878,,
1,New file 1,,,,,,,,,,,,1340,88.3091784528391,,
1,New file 1,,,,,,,,,,,,1342,88.3091784528391,,
1,New file 1,,,,,,,,,,,,1344,88.3091784528391,,
1,New file 1,,,,,,,,,,,,1346,100.018975353991,,
1,New file 1,,,,,,,,,,,,1348,100.018975353991,,
1,New file 1,,,,,,,,,,,,1350,130.609466032429,,
1,New file 1,,,,,,,,,,,,1352,130.609466032429,,
1,New file 1,,,,,,,,,,,,1354,130.609466032429,,
1,New file 1,,,,,,,,,,,,1356,130.609466032429,,
1,New file 1,,,,,,,,,,,,1358,130.609466032429,,
1,New file 1,,,,,,,,,,,,1360,149.633709607045,,
1,New file 1,,,,,,,,,,,,1362,149.633709607045,,
1,New file 1,,,,,,,,,,,,1364,149.633709607045,,
1,New file 1,,,,,,,,,,,,1366,136.52961352417,,
1,New file 1,,,,,,,,,,,,1368,136.52961352417,,
1,New file 1,,,,,,,,,,,,1370,136.52961352417,,
1,New file 1,,,,,,,,,,,,1372,136.52961352417,,
1,New file 1,,,,,,,,,,,,1374,136.52961352417,,
1,New file 1,,,,,,,,,,,,1376,181.538654243601,,
1,New file 1,,,,,,,,,,,,1378,251.854059003442,,
1,New file 1,,,,,,,,,,,,1380,293.62995453517,,
1,New file 1,,,,,,,,,,,,1382,293.62995453517,,
1,New file 1,,,,,,,,,,,,1384,293.62995453517,,
1,New file 1,,,,,,,,,,,,1386,293.62995453517,,
1,New file 1,,,,,,,,,,,,1388,283.878975555131,,
1,New file 1,,,,,,,,,,,,1390,283.878975555131,,
1,New file 1,,,,,,,,,,,,1392,257.63264957029,,
1,New file 1,,,,,,,,,,,,1394,257.63264957029,,
1,New file 1,,,,,,,,,,,,1396,209.353145548782,,
1,New file 1,,,,,,,,,,,,1398,185.258413736246,,
1,New file 1,,,,,,,,,,,,1400,185.258413736246,,
1,New file 1,,,,,,,,,,,,1402,185.258413736246,,
1,New file 1,,,,,,,,,,,,1404,179.10629180433,,
1,New file 1,,,,,,,,,,,,1406,179.10629180433,,
1,New file 1,,,,,,,,,,,,1408,179.10629180433,,
1,New file 1,,,,,,,,,,,,1410,179.10629180433,,
1,New file 1,,,,,,,,,,,,1412,179.10629180433,,
1,New file 1,,,,,,,,,,,,1414,179.10629180433,,
1,New file 1,,,,,,,,,,,,1416,179.10629180433,,
1,New file 1,,,,,,,,,,,,1418,179.10629180433,,
1,New file 1,,,,,,,,,,,,1420,174.577012661979,,
1,New file 1,,,,,,,,,,,,1422,174.577012661979,,
1,New file 1,,,,,,,,,,,,1424,174.577012661979,,
1,New file 1,,,,,,,,,,,,1426,174.577012661979,,
1,New file 1,,,,,,,,,,,,1428,174.577012661979,,
1,New file 1,,,,,,,,,,,,1430,174.577012661979,,
1,New file 1,,,,,,,,,,,,1432,174.577012661979,,
1,New file 1,,,,,,,,,,,,1434,174.577012661979,,
1,New file 1,,,,,,,,,,,,1436,174.577012661979,,
1,New file 1,,,,,,,,,,,,1438,174.577012661979,,
1,New file 1,,,,,,,,,,,,1440,174.577012661979,,
1,New file 1,,,,,,,,,,,,1442,174.577012661979,,
1,New file 1,,,,,,,,,,,,1444,187.113810681473,,
1,New file 1,,,,,,,,,,,,1446,187.113810681473,,
1,New file 1,,,,,,,,,,,,1448,187.113810681473,,
1,New file 1,,,,,,,,,,,,1450,187.113810681473,,
1,New file 1,,,,,,,,,,,,1452,187.113810681473,,
1,New file 1,,,,,,,,,,,,1454,187.113810681473,,
1,New file 1,,,,,,,,,,,,1456,187.113810681473,,
1,New file 1,,,,,,,,,,,,1458,187.113810681473,,
1,New file 1,,,,,,,,,,,,1460,187.113810681473,,
1,New file 1,,,,,,,,,,,,1462,187.113810681473,,
1,New file 1,,,,,,,,,,,,1464,187.113810681473,,
1,New file 1,,,,,,,,,,,,1466,187.113810681473,,
1,New file 1,,,,,,,,,,,,1468,187.113810681473,,
1,New file 1,,,,,,,,,,,,1470,187.113810681473,,
1,New file 1,,,,,,,,,,,,1472,187.113810681473,,
1,New file 1,,,,,,,,,,,,1474,187.113810681473,,
1,New file 1,,,,,,,,,,,,1476,187.113810681473,,
1,New file 1,,,,,,,,,,,,1478,187.113810681473,,
1,New file 1,,,,,,,,,,,,1480,187.113810681473,,
1,New file 1,,,,,,,,,,,,1482,175.935152379931,,
1,New file 1,,,,,,,,,,,,1484,175.935152379931,,
1,New file 1,,,,,,,,,,,,1486,175.935152379931,,
1,New file 1,,,,,,,,,,,,1488,159.60421228843,,
1,New file 1,,,,,,,,,,,,1490,91.3282434532755,,
1,New file 1,,,,,,,,,,,,1492,40.3872440632059,,
1,New file 1,,,,,,,,,,,,1494,40.3872440632059,,
1,New file 1,,,,,,,,,,,,1496,19.6479967490342,,
1,New file 1,,,,,,,,,,,,1498,19.6479967490342,,
1,New file 1,,,,,,,,,,,,1500,19.6479967490342,,
1,New file 1,,,,,,,,,,,,1502,19.6479967490342,,
1,New file 1,,,,,,,,,,,,1504,19.6479967490342,,
1,New file 1,,,,,,,,,,,,1506,19.6479967490342,,
1,New file 1,,,,,,,,,,,,1508,19.6479967490342,,
1,New file 1,,,,,,,,,,,,1510,19.6479967490342,,
1,New file 1,,,,,,,,,,,,1512,19.6479967490342,,
1,New file 1,,,,,,,,,,,,1514,19.6479967490342,,
1,New file 1,,,,,,,,,,,,1516,19.6479967490342,,
1,New file 1,,,,,,,,,,,,1518,19.6479967490342,,
1,New file 1,,,,,,,,,,,,1520,19.6479967490342,,
1,New file 1,,,,,,,,,,,,1522,19.6479967490342,,
1,New file 1,,,,,,,,,,,,1524,37.1631762969152,,
1,New file 1,,,,,,,,,,,,1526,37.1631762969152,,
1,New file 1,,,,,,,,,,,,1528,37.1631762969152,,
1,New file 1,,,,,,,,,,,,1530,37.1631762969152,,
1,New file 1,,,,,,,,,,,,1532,46.881775788019,,
1,New file 1,,,,,,,,,,,,1534,46.881775788019,,
1,New file 1,,,,,,,,,,,,1536,46.881775788019,,
1,New file 1,,,,,,,,,,,,1538,46.881775788019,,
1,New file 1,,,,,,,,,,,,1540,83.6826542978197,,
1,New file 1,,,,,,,,,,,,1542,83.6826542978197,,
1,New file 1,,,,,,,,,,,,1544,83.6826542978197,,
1,New file 1,,,,,,,,,,,,1546,125.751392148143,,
1,New file 1,,,,,,,,,,,,1548,147.130089237336,,
1,New file 1,,,,,,,,,,,,1550,147.130089237336,,
1,New file 1,,,,,,,,,,,,1552,147.130089237336,,
1,New file 1,,,,,,,,,,,,1554,137.960265377531,,
1,New file 1,,,,,,,,,,,,1556,137.960265377531,,
1,New file 1,,,,,,,,,,,,1558,137.960265377531,,
1,New file 1,,,,,,,,,,,,1560,137.960265377531,,
1,New file 1,,,,,,,,,,,,1562,190.378997741453,,
1,New file 1,,,,,,,,,,,,1564,270.594408215063,,
1,New file 1,,,,,,,,,,,,1566,296.544951076746,,
1,New file 1,,,,,,,,,,,,1568,296.544951076746,,
1,New file 1,,,,,,,,,,,,1570,261.434865796405,,
1,New file 1,,,,,,,,,,,,1572,261.434865796405,,
1,New file 1,,,,,,,,,,,,1574,208.956014150219,,
1,New file 1,,,,,,,,,,,,1576,208.956014150219,,
1,New file 1,,,,,,,,,,,,1578,197.354378041228,,
1,New file 1,,,,,,,,,,,,1580,197.354378041228,,
1,New file 1,,,,,,,,,,,,1582,197.354378041228,,
1,New file 1,,,,,,,,,,,,1584,188.493644147467,,
1,New file 1,,,,,,,,,,,,1586,188.493644147467,,
1,New file 1,,,,,,,,,,,,1588,168.499977754652,,
1,New file 1,,,,,,,,,,,,1590,168.499977754652,,
1,New file 1,,,,,,,,,,,,1592,168.499977754652,,
1,New file 1,,,,,,,,,,,,1594,190.403908394787,,
1,New file 1,,,,,,,,,,,,1596,190.403908394787,,
1,New file 1,,,,,,,,,,,,1598,190.403908394787,,
1,New file 1,,,,,,,,,,,,1600,190.403908394787,,
1,New file 1,,,,,,,,,,,,1602,190.403908394787,,
1,New file 1,,,,,,,,,,,,1604,180.810457580716,,
1,New file 1,,,,,,,,,,,,1606,180.810457580716,,
1,New file 1,,,,,,,,,,,,1608,180.810457580716,,
1,New file 1,,,,,,,,,,,,1610,176.515382325941,,
1,New file 1,,,,,,,,,,,,1612,176.515382325941,,
1,New file 1,,,,,,,,,,,,1614,176.515382325941,,
1,New file 1,,,,,,,,,,,,1616,176.515382325941,,
1,New file 1,,,,,,,,,,,,1618,176.515382325941,,
1,New file 1,,,,,,,,,,,,1620,176.515382325941,,
1,New file 1,,,,,,,,,,,,1622,176.515382325941,,
1,New file 1,,,,,,,,,,,,1624,176.515382325941,,
1,New file 1,,,,,,,,,,,,1626,176.515382325941,,
1,New file 1,,,,,,,,,,,,1628,176.515382325941,,
1,New file 1,,,,,,,,,,,,1630,59.0535849394549,,
1,New file 1,,,,,,,,,,,,1632,59.0535849394549,,
1,New file 1,,,,,,,,,,,,1634,26.9682766834215,,
1,New file 1,,,,,,,,,,,,1636,26.9682766834215,,
1,New file 1,,,,,,,,,,,,1638,26.9682766834215,,
1,New file 1,,,,,,,,,,,,1640,26.9682766834215,,
1,New file 1,,,,,,,,,,,,1642,26.9682766834215,,
1,New file 1,,,,,,,,,,,,1644,26.9682766834215,,
1,New file 1,,,,,,,,,,,,1646,26.9682766834215,,
1,New file 1,,,,,,,,,,,,1648,26.9682766834215,,
1,New file 1,,,,,,,,,,,,1650,60.5009788993697,,
1,New file 1,,,,,,,,,,,,1652,60.5009788993697,,
1,New file 1,,,,,,,,,,,,1654,91.7441381610848,,
1,New file 1,,,,,,,,,,,,1656,91.7441381610848,,
1,New file 1,,,,,,,,,,,,1658,91.7441381610848,,
1,New file 1,,,,,,,,,,,,1660,91.7441381610848,,
1,New file 1,,,,,,,,,,,,1662,91.7441381610848,,
1,New file 1,,,,,,,,,,,,1664,84.2214815866614,,
1,New file 1,,,,,,,,,,,,1666,84.2214815866614,,
1,New file 1,,,,,,,,,,,,1668,49.456939846409,,
1,New file 1,,,,,,,,,,,,1670,49.456939846409,,
1,New file 1,,,,,,,,,,,,1672,49.456939846409,,
1,New file 1,,,,,,,,,,,,1674,49.456939846409,,
1,New file 1,,,,,,,,,,,,1676,49.456939846409,,
1,New file 1,,,,,,,,,,,,1678,64.903452486538,,
1,New file 1,,,,,,,,,,,,1680,64.903452486538,,
1,New file 1,,,,,,,,,,,,1682,88.3085046931642,,
1,New file 1,,,,,,,,,,,,1684,88.3085046931642,,
1,New file 1,,,,,,,,,,,,1686,88.3085046931642,,
1,New file 1,,,,,,,,,,,,1688,107.048283666277,,
1,New file 1,,,,,,,,,,,,1690,107.048283666277,,
1,New file 1,,,,,,,,,,,,1692,107.048283666277,,
1,New file 1,,,,,,,,,,,,1694,138.396327945719,,
1,New file 1,,,,,,,,,,,,1696,138.396327945719,,
1,New file 1,,,,,,,,,,,,1698,138.396327945719,,
1,New file 1,,,,,,,,,,,,1700,121.201380984715,,
1,New file 1,,,,,,,,,,,,1702,121.201380984715,,
1,New file 1,,,,,,,,,,,,1704,121.201380984715,,
1,New file 1,,,,,,,,,,,,1706,121.201380984715,,
1,New file 1,,,,,,,,,,,,1708,121.201380984715,,
1,New file 1,,,,,,,,,,,,1710,121.201380984715,,
1,New file 1,,,,,,,,,,,,1712,105.975829514384,,
1,New file 1,,,,,,,,,,,,1714,105.975829514384,,
1,New file 1,,,,,,,,,,,,1716,86.7270834457536,,
1,New file 1,,,,,,,,,,,,1718,86.7270834457536,,
1,New file 1,,,,,,,,,,,,1720,86.7270834457536,,
1,New file 1,,,,,,,,,,,,1722,86.7270834457536,,
1,New file 1,,,,,,,,,,,,1724,76.7652080534198,,
1,New file 1,,,,,,,,,,,,1726,76.7652080534198,,
1,New file 1,,,,,,,,,,,,1728,76.7652080534198,,
1,New file 1,,,,,,,,,,,,1730,68.1693758436539,,
1,New file 1,,,,,,,,,,,,1732,68.1693758436539,,
1,New file 1,,,,,,,,,,,,1734,68.1693758436539,,
1,New file 1,,,,,,,,,,,,1736,68.1693758436539,,
1,New file 1,,,,,,,,,,,,1738,68.1693758436539,,
1,New file 1,,,,,,,,,,,,1740,68.1693758436539,,
1,New file 1,,,,,,,,,,,,1742,68.1693758436539,,
1,New file 1,,,,,,,,,,,,1744,68.1693758436539,,
1,New file 1,,,,,,,,,,,,1746,68.1693758436539,,
1,New file 1,,,,,,,,,,,,1748,68.1693758436539,,
1,New file 1,,,,,,,,,,,,1750,68.1693758436539,,
1,New file 1,,,,,,,,,,,,1752,68.1693758436539,,
1,New file 1,,,,,,,,,,,,1754,88.3078735892743,,
1,New file 1,,,,,,,,,,,,1756,88.3078735892743,,
1,New file 1,,,,,,,,,,,,1758,192.556042526404,,
1,New file 1,,,,,,,,,,,,1760,223.144365264262,,
1,New file 1,,,,,,,,,,,,1762,223.144365264262,,
1,New file 1,,,,,,,,,,,,1764,223.144365264262,,
1,New file 1,,,,,,,,,,,,1766,223.144365264262,,
1,New file 1,,,,,,,,,,,,1768,223.144365264262,,
1,New file 1,,,,,,,,,,,,1770,223.144365264262,,
1,New file 1,,,,,,,,,,,,1772,207.743950349946,,
1,New file 1,,,,,,,,,,,,1774,207.743950349946,,
1,New file 1,,,,,,,,,,,,1776,207.743950349946,,
1,New file 1,,,,,,,,,,,,1778,215.205945626843,,
1,New file 1,,,,,,,,,,,,1780,215.205945626843,,
1,New file 1,,,,,,,,,,,,1782,215.205945626843,,
1,New file 1,,,,,,,,,,,,1784,215.205945626843,,
1,New file 1,,,,,,,,,,,,1786,215.205945626843,,
1,New file 1,,,,,,,,,,,,1788,215.205945626843,,
1,New file 1,,,,,,,,,,,,1790,215.205945626843,,
1,New file 1,,,,,,,,,,,,1792,215.205945626843,,
1,New file 1,,,,,,,,,,,,1794,215.205945626843,,
1,New file 1,,,,,,,,,,,,1796,215.205945626843,,
1,New file 1,,,,,,,,,,,,1798,218.554490466937,,
1,New file 1,,,,,,,,,,,,1800,218.554490466937,,
1,New file 1,,,,,,,,,,,,1802,218.554490466937,,
1,New file 1,,,,,,,,,,,,1804,218.554490466937,,
1,New file 1,,,,,,,,,,,,1806,218.554490466937,,
1,New file 1,,,,,,,,,,,,1808,218.554490466937,,
1,New file 1,,,,,,,,,,,,1810,218.554490466937,,
1,New file 1,,,,,,,,,,,,1812,218.554490466937,,
1,New file 1,,,,,,,,,,,,1814,218.554490466937,,
1,New file 1,,,,,,,,,,,,1816,218.554490466937,,
1,New file 1,,,,,,,,,,,,1818,218.554490466937,,
1,New file 1,,,,,,,,,,,,1820,218.554490466937,,
1,New file 1,,,,,,,,,,,,1822,228.942256190529,,
1,New file 1,,,,,,,,,,,,1824,228.942256190529,,
1,New file 1,,,,,,,,,,,,1826,243.21760619935,,
1,New file 1,,,,,,,,,,,,1828,243.21760619935,,
1,New file 1,,,,,,,,,,,,1830,243.21760619935,,
1,New file 1,,,,,,,,,,,,1832,243.21760619935,,
1,New file 1,,,,,,,,,,,,1834,243.21760619935,,
1,New file 1,,,,,,,,,,,,1836,243.21760619935,,
1,New file 1,,,,,,,,,,,,1838,243.21760619935,,
1,New file 1,,,,,,,,,,,,1840,253.14747246967,,
1,New file 1,,,,,,,,,,,,1842,253.14747246967,,
1,New file 1,,,,,,,,,,,,1844,253.14747246967,,
1,New file 1,,,,,,,,,,,,1846,253.14747246967,,
1,New file 1,,,,,,,,,,,,1848,230.375866955525,,
1,New file 1,,,,,,,,,,,,1850,230.375866955525,,
1,New file 1,,,,,,,,,,,,1852,215.542833054392,,
1,New file 1,,,,,,,,,,,,1854,215.542833054392,,
1,New file 1,,,,,,,,,,,,1856,215.542833054392,,
1,New file 1,,,,,,,,,,,,1858,215.542833054392,,
1,New file 1,,,,,,,,,,,,1860,215.542833054392,,
1,New file 1,,,,,,,,,,,,1862,215.542833054392,,
1,New file 1,,,,,,,,,,,,1864,215.542833054392,,
1,New file 1,,,,,,,,,,,,1866,215.542833054392,,
1,New file 1,,,,,,,,,,,,1868,215.542833054392,,
1,New file 1,,,,,,,,,,,,1870,215.542833054392,,
1,New file 1,,,,,,,,,,,,1872,194.098119281929,,
1,New file 1,,,,,,,,,,,,1874,194.098119281929,,
1,New file 1,,,,,,,,,,,,1876,194.098119281929,,
1,New file 1,,,,,,,,,,,,1878,194.098119281929,,
1,New file 1,,,,,,,,,,,,1880,194.098119281929,,
1,New file 1,,,,,,,,,,,,1882,186.770610571974,,
1,New file 1,,,,,,,,,,,,1884,186.770610571974,,
1,New file 1,,,,,,,,,,,,1886,186.770610571974,,
1,New file 1,,,,,,,,,,,,1888,186.770610571974,,
1,New file 1,,,,,,,,,,,,1890,186.770610571974,,
1,New file 1,,,,,,,,,,,,1892,186.770610571974,,
1,New file 1,,,,,,,,,,,,1894,186.770610571974,,
1,New file 1,,,,,,,,,,,,1896,208.664502783291,,
1,New file 1,,,,,,,,,,,,1898,208.664502783291,,
1,New file 1,,,,,,,,,,,,1900,208.664502783291,,
1,New file 1,,,,,,,,,,,,1902,221.742975960771,,
1,New file 1,,,,,,,,,,,,1904,221.742975960771,,
1,New file 1,,,,,,,,,,,,1906,221.742975960771,,
1,New file 1,,,,,,,,,,,,1908,221.742975960771,,
1,New file 1,,,,,,,,,,,,1910,221.742975960771,,
1,New file 1,,,,,,,,,,,,1912,221.742975960771,,
1,New file 1,,,,,,,,,,,,1914,221.742975960771,,
1,New file 1,,,,,,,,,,,,1916,221.742975960771,,
1,New file 1,,,,,,,,,,,,1918,210.000928730345,,
1,New file 1,,,,,,,,,,,,1920,210.000928730345,,
1,New file 1,,,,,,,,,,,,1922,210.000928730345,,
1,New file 1,,,,,,,,,,,,1924,210.000928730345,,
1,New file 1,,,,,,,,,,,,1926,210.000928730345,,
1,New file 1,,,,,,,,,,,,1928,210.000928730345,,
1,New file 1,,,,,,,,,,,,1930,210.000928730345,,
1,New file 1,,,,,,,,,,,,1932,204.121725693169,,
1,New file 1,,,,,,,,,,,,1934,204.121725693169,,
1,New file 1,,,,,,,,,,,,1936,204.121725693169,,
1,New file 1,,,,,,,,,,,,1938,181.831694702185,,
1,New file 1,,,,,,,,,,,,1940,181.831694702185,,
1,New file 1,,,,,,,,,,,,1942,181.831694702185,,
1,New file 1,,,,,,,,,,,,1944,181.831694702185,,
1,New file 1,,,,,,,,,,,,1946,181.831694702185,,
1,New file 1,,,,,,,,,,,,1948,181.831694702185,,
1,New file 1,,,,,,,,,,,,1950,181.831694702185,,
1,New file 1,,,,,,,,,,,,1952,181.831694702185,,
1,New file 1,,,,,,,,,,,,1954,181.831694702185,,
1,New file 1,,,,,,,,,,,,1956,181.831694702185,,
1,New file 1,,,,,,,,,,,,1958,181.831694702185,,
1,New file 1,,,,,,,,,,,,1960,186.02190461918,,
1,New file 1,,,,,,,,,,,,1962,186.02190461918,,
1,New file 1,,,,,,,,,,,,1964,186.02190461918,,
1,New file 1,,,,,,,,,,,,1966,186.02190461918,,
1,New file 1,,,,,,,,,,,,1968,186.02190461918,,
1,New file 1,,,,,,,,,,,,1970,186.02190461918,,
1,New file 1,,,,,,,,,,,,1972,186.02190461918,,
1,New file 1,,,,,,,,,,,,1974,186.02190461918,,
1,New file 1,,,,,,,,,,,,1976,186.02190461918,,
1,New file 1,,,,,,,,,,,,1978,194.380610983468,,
1,New file 1,,,,,,,,,,,,1980,194.380610983468,,
1,New file 1,,,,,,,,,,,,1982,194.380610983468,,
1,New file 1,,,,,,,,,,,,1984,194.380610983468,,
1,New file 1,,,,,,,,,,,,1986,194.380610983468,,
1,New file 1,,,,,,,,,,,,1988,194.380610983468,,
1,New file 1,,,,,,,,,,,,1990,194.380610983468,,
1,New file 1,,,,,,,,,,,,1992,194.380610983468,,
1,New file 1,,,,,,,,,,,,1994,194.380610983468,,
1,New file 1,,,,,,,,,,,,1996,194.380610983468,,
1,New file 1,,,,,,,,,,,,1998,194.380610983468,,
1,New file 1,,,,,,,,,,,,2000,194.380610983468,,
1,New file 1,,,,,,,,,,,,2002,194.380610983468,,
1,New file 1,,,,,,,,,,,,2004,194.380610983468,,
1,New file 1,,,,,,,,,,,,2006,212.414175803761,,
1,New file 1,,,,,,,,,,,,2008,212.414175803761,,
1,New file 1,,,,,,,,,,,,2010,199.161669819659,,
1,New file 1,,,,,,,,,,,,2012,199.161669819659,,
1,New file 1,,,,,,,,,,,,2014,199.161669819659,,
1,New file 1,,,,,,,,,,,,2016,199.161669819659,,
1,New file 1,,,,,,,,,,,,2018,199.161669819659,,
1,New file 1,,,,,,,,,,,,2020,189.895282094046,,
1,New file 1,,,,,,,,,,,,2022,189.895282094046,,
1,New file 1,,,,,,,,,,,,2024,189.895282094046,,
1,New file 1,,,,,,,,,,,,2026,189.895282094046,,
1,New file 1,,,,,,,,,,,,2028,189.895282094046,,
1,New file 1,,,,,,,,,,,,2030,189.895282094046,,
1,New file 1,,,,,,,,,,,,2032,180.434189964957,,
1,New file 1,,,,,,,,,,,,2034,180.434189964957,,
1,New file 1,,,,,,,,,,,,2036,180.434189964957,,
1,New file 1,,,,,,,,,,,,2038,180.434189964957,,
1,New file 1,,,,,,,,,,,,2040,180.434189964957,,
1,New file 1,,,,,,,,,,,,2042,180.434189964957,,
1,New file 1,,,,,,,,,,,,2044,180.434189964957,,
1,New file 1,,,,,,,,,,,,2046,180.434189964957,,
1,New file 1,,,,,,,,,,,,2048,187.708376402421,,
1,New file 1,,,,,,,,,,,,2050,187.708376402421,,
1,New file 1,,,,,,,,,,,,2052,187.708376402421,,
1,New file 1,,,,,,,,,,,,2054,187.708376402421,,
1,New file 1,,,,,,,,,,,,2056,187.708376402421,,
1,New file 1,,,,,,,,,,,,2058,187.708376402421,,
1,New file 1,,,,,,,,,,,,2060,187.708376402421,,
1,New file 1,,,,,,,,,,,,2062,187.708376402421,,
1,New file 1,,,,,,,,,,,,2064,187.708376402421,,
1,New file 1,,,,,,,,,,,,2066,187.708376402421,,
1,New file 1,,,,,,,,,,,,2068,187.708376402421,,
1,New file 1,,,,,,,,,,,,2070,187.708376402421,,
1,New file 1,,,,,,,,,,,,2072,187.708376402421,,
1,New file 1,,,,,,,,,,,,2074,180.192023232714,,
1,New file 1,,,,,,,,,,,,2076,180.192023232714,,
1,New file 1,,,,,,,,,,,,2078,180.192023232714,,
1,New file 1,,,,,,,,,,,,2080,180.192023232714,,
1,New file 1,,,,,,,,,,,,2082,180.192023232714,,
1,New file 1,,,,,,,,,,,,2084,175.860161406178,,
1,New file 1,,,,,,,,,,,,2086,175.860161406178,,
1,New file 1,,,,,,,,,,,,2088,175.860161406178,,
1,New file 1,,,,,,,,,,,,2090,175.860161406178,,
1,New file 1,,,,,,,,,,,,2092,175.860161406178,,
1,New file 1,,,,,,,,,,,,2094,175.860161406178,,
1,New file 1,,,,,,,,,,,,2096,191.147711289264,,
1,New file 1,,,,,,,,,,,,2098,191.147711289264,,
1,New file 1,,,,,,,,,,,,2100,191.147711289264,,
1,New file 1,,,,,,,,,,,,2102,191.147711289264,,
1,New file 1,,,,,,,,,,,,2104,191.147711289264,,
1,New file 1,,,,,,,,,,,,2106,180.010503425822,,
1,New file 1,,,,,,,,,,,,2108,180.010503425822,,
1,New file 1,,,,,,,,,,,,2110,180.010503425822,,
1,New file 1,,,,,,,,,,,,2112,180.010503425822,,
1,New file 1,,,,,,,,,,,,2114,180.010503425822,,
1,New file 1,,,,,,,,,,,,2116,180.010503425822,,
1,New file 1,,,,,,,,,,,,2118,180.010503425822,,
1,New file 1,,,,,,,,,,,,2120,197.208412107431,,
1,New file 1,,,,,,,,,,,,2122,197.208412107431,,
1,New file 1,,,,,,,,,,,,2124,197.208412107431,,
1,New file 1,,,,,,,,,,,,2126,197.208412107431,,
1,New file 1,,,,,,,,,,,,2128,197.208412107431,,
1,New file 1,,,,,,,,,,,,2130,197.208412107431,,
1,New file 1,,,,,,,,,,,,2132,197.208412107431,,
1,New file 1,,,,,,,,,,,,2134,197.208412107431,,
1,New file 1,,,,,,,,,,,,2136,197.208412107431,,
1,New file 1,,,,,,,,,,,,2138,197.208412107431,,
1,New file 1,,,,,,,,,,,,2140,201.622659227642,,
1,New file 1,,,,,,,,,,,,2142,201.622659227642,,
1,New file 1,,,,,,,,,,,,2144,201.622659227642,,
1,New file 1,,,,,,,,,,,,2146,201.622659227642,,
1,New file 1,,,,,,,,,,,,2148,201.622659227642,,
1,New file 1,,,,,,,,,,,,2150,201.622659227642,,
1,New file 1,,,,,,,,,,,,2152,201.622659227642,,
1,New file 1,,,,,,,,,,,,2154,201.622659227642,,
1,New file 1,,,,,,,,,,,,2156,194.136306834898,,
1,New file 1,,,,,,,,,,,,2158,194.136306834898,,
1,New file 1,,,,,,,,,,,,2160,194.136306834898,,
1,New file 1,,,,,,,,,,,,2162,194.136306834898,,
1,New file 1,,,,,,,,,,,,2164,194.136306834898,,
1,New file 1,,,,,,,,,,,,2166,194.136306834898,,
1,New file 1,,,,,,,,,,,,2168,194.136306834898,,
1,New file 1,,,,,,,,,,,,2170,194.136306834898,,
1,New file 1,,,,,,,,,,,,2172,194.136306834898,,
1,New file 1,,,,,,,,,,,,2174,194.136306834898,,
1,New file 1,,,,,,,,,,,,2176,186.923069978877,,
1,New file 1,,,,,,,,,,,,2178,186.923069978877,,
1,New file 1,,,,,,,,,,,,2180,186.923069978877,,
1,New file 1,,,,,,,,,,,,2182,186.923069978877,,
1,New file 1,,,,,,,,,,,,2184,186.923069978877,,
1,New file 1,,,,,,,,,,,,2186,174.435284675781,,
1,New file 1,,,,,,,,,,,,2188,174.435284675781,,
1,New file 1,,,,,,,,,,,,2190,111.610686406492,,
1,New file 1,,,,,,,,,,,,2192,24.123149523121,,
1,New file 1,,,,,,,,,,,,2194,24.123149523121,,
1,New file 1,,,,,,,,,,,,2196,24.123149523121,,
1,New file 1,,,,,,,,,,,,2198,24.123149523121,,
1,New file 1,,,,,,,,,,,,2200,24.123149523121,,
1,New file 1,,,,,,,,,,,,2202,24.123149523121,,
1,New file 1,,,,,,,,,,,,2204,24.123149523121,,
1,New file 1,,,,,,,,,,,,2206,24.123149523121,,
1,New file 1,,,,,,,,,,,,2208,45.6048360539278,,
1,New file 1,,,,,,,,,,,,2210,45.6048360539278,,
1,New file 1,,,,,,,,,,,,2212,45.6048360539278,,
1,New file 1,,,,,,,,,,,,2214,45.6048360539278,,
1,New file 1,,,,,,,,,,,,2216,45.6048360539278,,
1,New file 1,,,,,,,,,,,,2218,45.6048360539278,,
1,New file 1,,,,,,,,,,,,2220,62.7539640825399,,
1,New file 1,,,,,,,,,,,,2222,62.7539640825399,,
1,New file 1,,,,,,,,,,,,2224,62.7539640825399,,
1,New file 1,,,,,,,,,,,,2226,62.7539640825399,,
1,New file 1,,,,,,,,,,,,2228,62.7539640825399,,
1,New file 1,,,,,,,,,,,,2230,74.068032751297,,
1,New file 1,,,,,,,,,,,,2232,74.068032751297,,
1,New file 1,,,,,,,,,,,,2234,132.860106945189,,
1,New file 1,,,,,,,,,,,,2236,208.689355328372,,
1,New file 1,,,,,,,,,,,,2238,208.689355328372,,
1,New file 1,,,,,,,,,,,,2240,208.689355328372,,
1,New file 1,,,,,,,,,,,,2242,208.689355328372,,
1,New file 1,,,,,,,,,,,,2244,183.257673310421,,
1,New file 1,,,,,,,,,,,,2246,183.257673310421,,
1,New file 1,,,,,,,,,,,,2248,183.257673310421,,
1,New file 1,,,,,,,,,,,,2250,183.257673310421,,
1,New file 1,,,,,,,,,,,,2252,183.257673310421,,
1,New file 1,,,,,,,,,,,,2254,183.257673310421,,
1,New file 1,,,,,,,,,,,,2256,183.257673310421,,
1,New file 1,,,,,,,,,,,,2258,183.257673310421,,
1,New file 1,,,,,,,,,,,,2260,183.257673310421,,
1,New file 1,,,,,,,,,,,,2262,183.257673310421,,
1,New file 1,,,,,,,,,,,,2264,183.257673310421,,
1,New file 1,,,,,,,,,,,,2266,183.257673310421,,
1,New file 1,,,,,,,,,,,,2268,183.257673310421,,
1,New file 1,,,,,,,,,,,,2270,188.3277978484,,
1,New file 1,,,,,,,,,,,,2272,188.3277978484,,
1,New file 1,,,,,,,,,,,,2274,209.468299562688,,
1,New file 1,,,,,,,,,,,,2276,209.468299562688,,
1,New file 1,,,,,,,,,,,,2278,173.841277634075,,
1,New file 1,,,,,,,,,,,,2280,158.499438356073,,
1,New file 1,,,,,,,,,,,,2282,158.499438356073,,
1,New file 1,,,,,,,,,,,,2284,158.499438356073,,
1,New file 1,,,,,,,,,,,,2286,166.304111908969,,
1,New file 1,,,,,,,,,,,,2288,166.304111908969,,
1,New file 1,,,,,,,,,,,,2290,166.304111908969,,
1,New file 1,,,,,,,,,,,,2292,166.304111908969,,
1,New file 1,,,,,,,,,,,,2294,166.304111908969,,
1,New file 1,,,,,,,,,,,,2296,166.304111908969,,
1,New file 1,,,,,,,,,,,,2298,166.304111908969,,
1,New file 1,,,,,,,,,,,,2300,166.304111908969,,
1,New file 1,,,,,,,,,,,,2302,166.304111908969,,
1,New file 1,,,,,,,,,,,,2304,166.304111908969,,
1,New file 1,,,,,,,,,,,,2306,166.304111908969,,
1,New file 1,,,,,,,,,,,,2308,166.304111908969,,
1,New file 1,,,,,,,,,,,,2310,144.203019707747,,
1,New file 1,,,,,,,,,,,,2312,56.3145715516537,,
1,New file 1,,,,,,,,,,,,2314,17.8099766883303,,
1,New file 1,,,,,,,,,,,,2316,17.8099766883303,,
1,New file 1,,,,,,,,,,,,2318,17.8099766883303,,
1,New file 1,,,,,,,,,,,,2320,17.8099766883303,,
1,New file 1,,,,,,,,,,,,2322,17.8099766883303,,
1,New file 1,,,,,,,,,,,,2324,17.8099766883303,,
1,New file 1,,,,,,,,,,,,2326,17.8099766883303,,
1,New file 1,,,,,,,,,,,,2328,26.6826096395649,,
1,New file 1,,,,,,,,,,,,2330,26.6826096395649,,
1,New file 1,,,,,,,,,,,,2332,26.6826096395649,,
1,New file 1,,,,,,,,,,,,2334,26.6826096395649,,
1,New file 1,,,,,,,,,,,,2336,26.6826096395649,,
1,New file 1,,,,,,,,,,,,2338,26.6826096395649,,
1,New file 1,,,,,,,,,,,,2340,26.6826096395649,,
1,New file 1,,,,,,,,,,,,2342,26.6826096395649,,
1,New file 1,,,,,,,,,,,,2344,26.6826096395649,,
1,New file 1,,,,,,,,,,,,2346,26.6826096395649,,
1,New file 1,,,,,,,,,,,,2348,43.8332013918913,,
1,New file 1,,,,,,,,,,,,2350,43.8332013918913,,
1,New file 1,,,,,,,,,,,,2352,43.8332013918913,,
1,New file 1,,,,,,,,,,,,2354,43.8332013918913,,
1,New file 1,,,,,,,,,,,,2356,43.8332013918913,,
1,New file 1,,,,,,,,,,,,2358,43.8332013918913,,
1,New file 1,,,,,,,,,,,,2360,43.8332013918913,,
1,New file 1,,,,,,,,,,,,2362,43.8332013918913,,
1,New file 1,,,,,,,,,,,,2364,43.8332013918913,,
1,New file 1,,,,,,,,,,,,2366,43.8332013918913,,
1,New file 1,,,,,,,,,,,,2368,32.4147589624793,,
1,New file 1,,,,,,,,,,,,2370,32.4147589624793,,
1,New file 1,,,,,,,,,,,,2372,32.4147589624793,,
1,New file 1,,,,,,,,,,,,2374,150.792694734545,,
1,New file 1,,,,,,,,,,,,2376,191.966769105802,,
1,New file 1,,,,,,,,,,,,2378,191.966769105802,,
1,New file 1,,,,,,,,,,,,2380,191.966769105802,,
1,New file 1,,,,,,,,,,,,2382,191.966769105802,,
1,New file 1,,,,,,,,,,,,2384,191.966769105802,,
1,New file 1,,,,,,,,,,,,2386,191.966769105802,,
1,New file 1,,,,,,,,,,,,2388,191.966769105802,,
1,New file 1,,,,,,,,,,,,2390,191.966769105802,,
1,New file 1,,,,,,,,,,,,2392,191.966769105802,,
1,New file 1,,,,,,,,,,,,2394,191.966769105802,,
1,New file 1,,,,,,,,,,,,2396,185.025899477286,,
1,New file 1,,,,,,,,,,,,2398,185.025899477286,,
1,New file 1,,,,,,,,,,,,2400,185.025899477286,,
1,New file 1,,,,,,,,,,,,2402,185.025899477286,,
1,New file 1,,,,,,,,,,,,2404,177.231176827306,,
1,New file 1,,,,,,,,,,,,2406,177.231176827306,,
1,New file 1,,,,,,,,,,,,2408,177.231176827306,,
1,New file 1,,,,,,,,,,,,2410,177.231176827306,,
1,New file 1,,,,,,,,,,,,2412,177.231176827306,,
1,New file 1,,,,,,,,,,,,2414,177.231176827306,,
1,New file 1,,,,,,,,,,,,2416,177.231176827306,,
1,New file 1,,,,,,,,,,,,2418,177.231176827306,,
1,New file 1,,,,,,,,,,,,2420,177.231176827306,,
1,New file 1,,,,,,,,,,,,2422,177.231176827306,,
1,New file 1,,,,,,,,,,,,2424,171.73341667347,,
1,New file 1,,,,,,,,,,,,2426,171.73341667347,,
1,New file 1,,,,,,,,,,,,2428,171.73341667347,,
1,New file 1,,,,,,,,,,,,2430,171.73341667347,,
1,New file 1,,,,,,,,,,,,2432,171.73341667347,,
1,New file 1,,,,,,,,,,,,2434,171.73341667347,,
1,New file 1,,,,,,,,,,,,2436,171.73341667347,,
1,New file 1,,,,,,,,,,,,2438,171.73341667347,,
1,New file 1,,,,,,,,,,,,2440,178.308844679028,,
1,New file 1,,,,,,,,,,,,2442,178.308844679028,,
1,New file 1,,,,,,,,,,,,2444,178.308844679028,,
1,New file 1,,,,,,,,,,,,2446,178.308844679028,,
1,New file 1,,,,,,,,,,,,2448,178.308844679028,,
1,New file 1,,,,,,,,,,,,2450,178.308844679028,,
1,New file 1,,,,,,,,,,,,2452,198.289411331308,,
1,New file 1,,,,,,,,,,,,2454,198.289411331308,,
1,New file 1,,,,,,,,,,,,2456,198.289411331308,,
1,New file 1,,,,,,,,,,,,2458,198.289411331308,,
1,New file 1,,,,,,,,,,,,2460,198.289411331308,,
1,New file 1,,,,,,,,,,,,2462,198.289411331308,,
1,New file 1,,,,,,,,,,,,2464,198.289411331308,,
1,New file 1,,,,,,,,,,,,2466,198.289411331308,,
1,New file 1,,,,,,,,,,,,2468,198.289411331308,,
1,New file 1,,,,,,,,,,,,2470,198.289411331308,,
1,New file 1,,,,,,,,,,,,2472,198.289411331308,,
1,New file 1,,,,,,,,,,,,2474,198.289411331308,,
1,New file 1,,,,,,,,,,,,2476,198.289411331308,,
1,New file 1,,,,,,,,,,,,2478,198.289411331308,,
1,New file 1,,,,,,,,,,,,2480,190.415609923944,,
1,New file 1,,,,,,,,,,,,2482,190.415609923944,,
1,New file 1,,,,,,,,,,,,2484,190.415609923944,,
1,New file 1,,,,,,,,,,,,2486,190.415609923944,,
1,New file 1,,,,,,,,,,,,2488,190.415609923944,,
1,New file 1,,,,,,,,,,,,2490,190.415609923944,,
1,New file 1,,,,,,,,,,,,2492,190.415609923944,,
1,New file 1,,,,,,,,,,,,2494,190.415609923944,,
1,New file 1,,,,,,,,,,,,2496,190.415609923944,,
1,New file 1,,,,,,,,,,,,2498,190.415609923944,,
1,New file 1,,,,,,,,,,,,2500,190.415609923944,,
1,New file 1,,,,,,,,,,,,2502,190.415609923944,,
1,New file 1,,,,,,,,,,,,2504,190.415609923944,,
1,New file 1,,,,,,,,,,,,2506,196.895461663731,,
1,New file 1,,,,,,,,,,,,2508,196.895461663731,,
1,New file 1,,,,,,,,,,,,2510,196.895461663731,,
1,New file 1,,,,,,,,,,,,2512,196.895461663731,,
1,New file 1,,,,,,,,,,,,2514,196.895461663731,,
1,New file 1,,,,,,,,,,,,2516,196.895461663731,,
1,New file 1,,,,,,,,,,,,2518,196.895461663731,,
1,New file 1,,,,,,,,,,,,2520,196.895461663731,,
1,New file 1,,,,,,,,,,,,2522,174.967875097685,,
1,New file 1,,,,,,,,,,,,2524,174.967875097685,,
1,New file 1,,,,,,,,,,,,2526,174.967875097685,,
1,New file 1,,,,,,,,,,,,2528,192.143536795205,,
1,New file 1,,,,,,,,,,,,2530,192.143536795205,,
1,New file 1,,,,,,,,,,,,2532,211.129951681333,,
1,New file 1,,,,,,,,,,,,2534,211.129951681333,,
1,New file 1,,,,,,,,,,,,2536,211.129951681333,,
1,New file 1,,,,,,,,,,,,2538,211.129951681333,,
1,New file 1,,,,,,,,,,,,2540,197.644721799211,,
1,New file 1,,,,,,,,,,,,2542,197.644721799211,,
1,New file 1,,,,,,,,,,,,2544,197.644721799211,,
1,New file 1,,,,,,,,,,,,2546,197.644721799211,,
1,New file 1,,,,,,,,,,,,2548,197.644721799211,,
1,New file 1,,,,,,,,,,,,2550,197.644721799211,,
1,New file 1,,,,,,,,,,,,2552,197.644721799211,,
1,New file 1,,,,,,,,,,,,2554,197.644721799211,,
1,New file 1,,,,,,,,,,,,2556,197.644721799211,,
1,New file 1,,,,,,,,,,,,2558,197.644721799211,,
1,New file 1,,,,,,,,,,,,2560,197.644721799211,,
1,New file 1,,,,,,,,,,,,2562,197.644721799211,,
1,New file 1,,,,,,,,,,,,2564,213.640903914949,,
1,New file 1,,,,,,,,,,,,2566,213.640903914949,,
1,New file 1,,,,,,,,,,,,2568,213.640903914949,,
1,New file 1,,,,,,,,,,,,2570,213.640903914949,,
1,New file 1,,,,,,,,,,,,2572,213.640903914949,,
1,New file 1,,,,,,,,,,,,2574,213.640903914949,,
1,New file 1,,,,,,,,,,,,2576,213.640903914949,,
1,New file 1,,,,,,,,,,,,2578,198.673837952894,,
1,New file 1,,,,,,,,,,,,2580,198.673837952894,,
1,New file 1,,,,,,,,,,,,2582,198.673837952894,,
1,New file 1,,,,,,,,,,,,2584,198.673837952894,,
1,New file 1,,,,,,,,,,,,2586,198.673837952894,,
1,New file 1,,,,,,,,,,,,2588,198.673837952894,,
1,New file 1,,,,,,,,,,,,2590,198.673837952894,,
1,New file 1,,,,,,,,,,,,2592,198.673837952894,,
1,New file 1,,,,,,,,,,,,2594,198.673837952894,,
1,New file 1,,,,,,,,,,,,2596,198.673837952894,,
1,New file 1,,,,,,,,,,,,2598,198.673837952894,,
1,New file 1,,,,,,,,,,,,2600,198.673837952894,,
1,New file 1,,,,,,,,,,,,2602,198.673837952894,,
1,New file 1,,,,,,,,,,,,2604,198.673837952894,,
1,New file 1,,,,,,,,,,,,2606,198.673837952894,,
1,New file 1,,,,,,,,,,,,2608,198.673837952894,,
1,New file 1,,,,,,,,,,,,2610,198.673837952894,,
1,New file 1,,,,,,,,,,,,2612,198.673837952894,,
1,New file 1,,,,,,,,,,,,2614,198.673837952894,,
1,New file 1,,,,,,,,,,,,2616,198.673837952894,,
1,New file 1,,,,,,,,,,,,2618,206.676413738219,,
1,New file 1,,,,,,,,,,,,2620,206.676413738219,,
1,New file 1,,,,,,,,,,,,2622,206.676413738219,,
1,New file 1,,,,,,,,,,,,2624,206.676413738219,,
1,New file 1,,,,,,,,,,,,2626,206.676413738219,,
1,New file 1,,,,,,,,,,,,2628,214.759401087895,,
1,New file 1,,,,,,,,,,,,2630,214.759401087895,,
1,New file 1,,,,,,,,,,,,2632,214.759401087895,,
1,New file 1,,,,,,,,,,,,2634,214.759401087895,,
1,New file 1,,,,,,,,,,,,2636,214.759401087895,,
1,New file 1,,,,,,,,,,,,2638,214.759401087895,,
1,New file 1,,,,,,,,,,,,2640,214.759401087895,,
1,New file 1,,,,,,,,,,,,2642,214.759401087895,,
1,New file 1,,,,,,,,,,,,2644,214.759401087895,,
1,New file 1,,,,,,,,,,,,2646,214.759401087895,,
1,New file 1,,,,,,,,,,,,2648,214.759401087895,,
1,New file 1,,,,,,,,,,,,2650,214.759401087895,,
1,New file 1,,,,,,,,,,,,2652,214.759401087895,,
1,New file 1,,,,,,,,,,,,2654,214.759401087895,,
1,New file 1,,,,,,,,,,,,2656,214.759401087895,,
1,New file 1,,,,,,,,,,,,2658,214.759401087895,,
1,New file 1,,,,,,,,,,,,2660,214.759401087895,,
1,New file 1,,,,,,,,,,,,2662,214.759401087895,,
1,New file 1,,,,,,,,,,,,2664,214.759401087895,,
1,New file 1,,,,,,,,,,,,2666,214.759401087895,,
1,New file 1,,,,,,,,,,,,2668,214.759401087895,,
1,New file 1,,,,,,,,,,,,2670,214.759401087895,,
1,New file 1,,,,,,,,,,,,2672,200.02296065475,,
1,New file 1,,,,,,,,,,,,2674,200.02296065475,,
1,New file 1,,,,,,,,,,,,2676,200.02296065475,,
1,New file 1,,,,,,,,,,,,2678,200.02296065475,,
1,New file 1,,,,,,,,,,,,2680,200.02296065475,,
1,New file 1,,,,,,,,,,,,2682,200.02296065475,,
1,New file 1,,,,,,,,,,,,2684,200.02296065475,,
1,New file 1,,,,,,,,,,,,2686,200.02296065475,,
1,New file 1,,,,,,,,,,,,2688,200.02296065475,,
1,New file 1,,,,,,,,,,,,2690,200.02296065475,,
1,New file 1,,,,,,,,,,,,2692,200.02296065475,,
1,New file 1,,,,,,,,,,,,2694,200.02296065475,,
1,New file 1,,,,,,,,,,,,2696,200.02296065475,,
1,New file 1,,,,,,,,,,,,2698,200.02296065475,,
1,New file 1,,,,,,,,,,,,2700,200.02296065475,,
1,New file 1,,,,,,,,,,,,2702,189.41283999254,,
1,New file 1,,,,,,,,,,,,2704,189.41283999254,,
1,New file 1,,,,,,,,,,,,2706,189.41283999254,,
1,New file 1,,,,,,,,,,,,2708,189.41283999254,,
1,New file 1,,,,,,,,,,,,2710,189.41283999254,,
1,New file 1,,,,,,,,,,,,2712,189.41283999254,,
1,New file 1,,,,,,,,,,,,2714,189.41283999254,,
1,New file 1,,,,,,,,,,,,2716,189.41283999254,,
1,New file 1,,,,,,,,,,,,2718,189.41283999254,,
1,New file 1,,,,,,,,,,,,2720,189.41283999254,,
1,New file 1,,,,,,,,,,,,2722,189.41283999254,,
1,New file 1,,,,,,,,,,,,2724,189.41283999254,,
1,New file 1,,,,,,,,,,,,2726,189.41283999254,,
1,New file 1,,,,,,,,,,,,2728,189.41283999254,,
1,New file 1,,,,,,,,,,,,2730,189.41283999254,,
1,New file 1,,,,,,,,,,,,2732,189.41283999254,,
1,New file 1,,,,,,,,,,,,2734,189.41283999254,,
1,New file 1,,,,,,,,,,,,2736,189.41283999254,,
1,New file 1,,,,,,,,,,,,2738,189.41283999254,,
1,New file 1,,,,,,,,,,,,2740,189.41283999254,,
1,New file 1,,,,,,,,,,,,2742,206.04336275855,,
1,New file 1,,,,,,,,,,,,2744,206.04336275855,,
1,New file 1,,,,,,,,,,,,2746,206.04336275855,,
1,New file 1,,,,,,,,,,,,2748,206.04336275855,,
1,New file 1,,,,,,,,,,,,2750,206.04336275855,,
1,New file 1,,,,,,,,,,,,2752,206.04336275855,,
1,New file 1,,,,,,,,,,,,2754,206.04336275855,,
1,New file 1,,,,,,,,,,,,2756,206.04336275855,,
1,New file 1,,,,,,,,,,,,2758,206.04336275855,,
1,New file 1,,,,,,,,,,,,2760,206.04336275855,,
1,New file 1,,,,,,,,,,,,2762,206.04336275855,,
1,New file 1,,,,,,,,,,,,2764,206.04336275855,,
1,New file 1,,,,,,,,,,,,2766,206.04336275855,,
1,New file 1,,,,,,,,,,,,2768,206.04336275855,,
1,New file 1,,,,,,,,,,,,2770,199.638898761006,,
1,New file 1,,,,,,,,,,,,2772,199.638898761006,,
1,New file 1,,,,,,,,,,,,2774,199.638898761006,,
1,New file 1,,,,,,,,,,,,2776,199.638898761006,,
1,New file 1,,,,,,,,,,,,2778,199.638898761006,,
1,New file 1,,,,,,,,,,,,2780,199.638898761006,,
1,New file 1,,,,,,,,,,,,2782,199.638898761006,,
1,New file 1,,,,,,,,,,,,2784,199.638898761006,,
1,New file 1,,,,,,,,,,,,2786,199.638898761006,,
1,New file 1,,,,,,,,,,,,2788,199.638898761006,,
1,New file 1,,,,,,,,,,,,2790,199.638898761006,,
1,New file 1,,,,,,,,,,,,2792,199.638898761006,,
1,New file 1,,,,,,,,,,,,2794,199.638898761006,,
1,New file 1,,,,,,,,,,,,2796,199.638898761006,,
1,New file 1,,,,,,,,,,,,2798,199.638898761006,,
1,New file 1,,,,,,,,,,,,2800,199.638898761006,,
1,New file 1,,,,,,,,,,,,2802,199.638898761006,,
1,New file 1,,,,,,,,,,,,2804,199.638898761006,,
1,New file 1,,,,,,,,,,,,2806,199.638898761006,,
1,New file 1,,,,,,,,,,,,2808,199.638898761006,,
1,New file 1,,,,,,,,,,,,2810,199.638898761006,,
1,New file 1,,,,,,,,,,,,2812,199.638898761006,,
1,New file 1,,,,,,,,,,,,2814,199.638898761006,,
1,New file 1,,,,,,,,,,,,2816,199.638898761006,,
1,New file 1,,,,,,,,,,,,2818,199.638898761006,,
1,New file 1,,,,,,,,,,,,2820,199.638898761006,,
1,New file 1,,,,,,,,,,,,2822,199.638898761006,,
1,New file 1,,,,,,,,,,,,2824,199.638898761006,,
1,New file 1,,,,,,,,,,,,2826,199.638898761006,,
1,New file 1,,,,,,,,,,,,2828,199.638898761006,,
1,New file 1,,,,,,,,,,,,2830,207.479476098651,,
1,New file 1,,,,,,,,,,,,2832,207.479476098651,,
1,New file 1,,,,,,,,,,,,2834,207.479476098651,,
1,New file 1,,,,,,,,,,,,2836,207.479476098651,,
1,New file 1,,,,,,,,,,,,2838,207.479476098651,,
1,New file 1,,,,,,,,,,,,2840,207.479476098651,,
1,New file 1,,,,,,,,,,,,2842,225.205834972143,,
1,New file 1,,,,,,,,,,,,2844,225.205834972143,,
1,New file 1,,,,,,,,,,,,2846,225.205834972143,,
1,New file 1,,,,,,,,,,,,2848,225.205834972143,,
1,New file 1,,,,,,,,,,,,2850,225.205834972143,,
1,New file 1,,,,,,,,,,,,2852,225.205834972143,,
1,New file 1,,,,,,,,,,,,2854,225.205834972143,,
1,New file 1,,,,,,,,,,,,2856,225.205834972143,,
1,New file 1,,,,,,,,,,,,2858,225.205834972143,,
1,New file 1,,,,,,,,,,,,2860,225.205834972143,,
1,New file 1,,,,,,,,,,,,2862,225.205834972143,,
1,New file 1,,,,,,,,,,,,2864,225.205834972143,,
1,New file 1,,,,,,,,,,,,2866,225.205834972143,,
1,New file 1,,,,,,,,,,,,2868,225.205834972143,,
1,New file 1,,,,,,,,,,,,2870,225.205834972143,,
1,New file 1,,,,,,,,,,,,2872,225.205834972143,,
1,New file 1,,,,,,,,,,,,2874,225.205834972143,,
1,New file 1,,,,,,,,,,,,2876,225.205834972143,,
1,New file 1,,,,,,,,,,,,2878,225.205834972143,,
1,New file 1,,,,,,,,,,,,2880,225.205834972143,,
1,New file 1,,,,,,,,,,,,2882,225.205834972143,,
1,New file 1,,,,,,,,,,,,2884,225.205834972143,,
1,New file 1,,,,,,,,,,,,2886,225.205834972143,,
1,New file 1,,,,,,,,,,,,2888,230.009759389285,,
1,New file 1,,,,,,,,,,,,2890,230.009759389285,,
1,New file 1,,,,,,,,,,,,2892,230.009759389285,,
1,New file 1,,,,,,,,,,,,2894,230.009759389285,,
1,New file 1,,,,,,,,,,,,2896,230.009759389285,,
1,New file 1,,,,,,,,,,,,2898,230.009759389285,,
1,New file 1,,,,,,,,,,,,2900,243.266010681408,,
1,New file 1,,,,,,,,,,,,2902,243.266010681408,,
1,New file 1,,,,,,,,,,,,2904,243.266010681408,,
1,New file 1,,,,,,,,,,,,2906,243.266010681408,,
1,New file 1,,,,,,,,,,,,2908,243.266010681408,,
1,New file 1,,,,,,,,,,,,2910,243.266010681408,,
1,New file 1,,,,,,,,,,,,2912,243.266010681408,,
1,New file 1,,,,,,,,,,,,2914,196.201283609424,,
1,New file 1,,,,,,,,,,,,2916,196.201283609424,,
1,New file 1,,,,,,,,,,,,2918,196.201283609424,,
1,New file 1,,,,,,,,,,,,2920,196.201283609424,,
1,New file 1,,,,,,,,,,,,2922,196.201283609424,,
1,New file 1,,,,,,,,,,,,2924,196.201283609424,,
1,New file 1,,,,,,,,,,,,2926,214.867286080751,,
1,New file 1,,,,,,,,,,,,2928,214.867286080751,,
1,New file 1,,,,,,,,,,,,2930,214.867286080751,,
1,New file 1,,,,,,,,,,,,2932,214.867286080751,,
1,New file 1,,,,,,,,,,,,2934,214.867286080751,,
1,New file 1,,,,,,,,,,,,2936,214.867286080751,,
1,New file 1,,,,,,,,,,,,2938,214.867286080751,,
1,New file 1,,,,,,,,,,,,2940,214.867286080751,,
1,New file 1,,,,,,,,,,,,2942,223.304409483832,,
1,New file 1,,,,,,,,,,,,2944,223.304409483832,,
1,New file 1,,,,,,,,,,,,2946,223.304409483832,,
1,New file 1,,,,,,,,,,,,2948,223.304409483832,,
1,New file 1,,,,,,,,,,,,2950,223.304409483832,,
1,New file 1,,,,,,,,,,,,2952,223.304409483832,,
1,New file 1,,,,,,,,,,,,2954,223.304409483832,,
1,New file 1,,,,,,,,,,,,2956,223.304409483832,,
1,New file 1,,,,,,,,,,,,2958,241.722308323174,,
1,New file 1,,,,,,,,,,,,2960,241.722308323174,,
1,New file 1,,,,,,,,,,,,2962,241.722308323174,,
1,New file 1,,,,,,,,,,,,2964,217.588432265503,,
1,New file 1,,,,,,,,,,,,2966,217.588432265503,,
1,New file 1,,,,,,,,,,,,2968,217.588432265503,,
1,New file 1,,,,,,,,,,,,2970,211.220698563001,,
1,New file 1,,,,,,,,,,,,2972,211.220698563001,,
1,New file 1,,,,,,,,,,,,2974,211.220698563001,,
1,New file 1,,,,,,,,,,,,2976,226.868486023621,,
1,New file 1,,,,,,,,,,,,2978,226.868486023621,,
1,New file 1,,,,,,,,,,,,2980,226.868486023621,,
1,New file 1,,,,,,,,,,,,2982,226.868486023621,,
1,New file 1,,,,,,,,,,,,2984,226.868486023621,,
1,New file 1,,,,,,,,,,,,2986,226.868486023621,,
1,New file 1,,,,,,,,,,,,2988,226.868486023621,,
1,New file 1,,,,,,,,,,,,2990,226.868486023621,,
1,New file 1,,,,,,,,,,,,2992,226.868486023621,,
1,New file 1,,,,,,,,,,,,2994,226.868486023621,,
1,New file 1,,,,,,,,,,,,2996,222.365801259163,,
1,New file 1,,,,,,,,,,,,2998,222.365801259163,,
1,New file 1,,,,,,,,,,,,3000,222.365801259163,,
1,New file 1,,,,,,,,,,,,3002,222.365801259163,,
1,New file 1,,,,,,,,,,,,3004,222.365801259163,,
1,New file 1,,,,,,,,,,,,3006,222.365801259163,,
1,New file 1,,,,,,,,,,,,3008,222.365801259163,,
1,New file 1,,,,,,,,,,,,3010,222.365801259163,,
1,New file 1,,,,,,,,,,,,3012,202.611281523171,,
1,New file 1,,,,,,,,,,,,3014,202.611281523171,,
1,New file 1,,,,,,,,,,,,3016,202.611281523171,,
1,New file 1,,,,,,,,,,,,3018,202.611281523171,,
1,New file 1,,,,,,,,,,,,3020,202.611281523171,,
1,New file 1,,,,,,,,,,,,3022,202.611281523171,,
1,New file 1,,,,,,,,,,,,3024,191.84029062248,,
1,New file 1,,,,,,,,,,,,3026,191.84029062248,,
1,New file 1,,,,,,,,,,,,3028,191.84029062248,,
1,New file 1,,,,,,,,,,,,3030,191.84029062248,,
1,New file 1,,,,,,,,,,,,3032,203.580606220709,,
1,New file 1,,,,,,,,,,,,3034,203.580606220709,,
1,New file 1,,,,,,,,,,,,3036,224.167090670112,,
1,New file 1,,,,,,,,,,,,3038,224.167090670112,,
1,New file 1,,,,,,,,,,,,3040,224.167090670112,,
1,New file 1,,,,,,,,,,,,3042,224.167090670112,,
1,New file 1,,,,,,,,,,,,3044,224.167090670112,,
1,New file 1,,,,,,,,,,,,3046,224.167090670112,,
1,New file 1,,,,,,,,,,,,3048,224.167090670112,,
1,New file 1,,,,,,,,,,,,3050,211.618817037807,,
1,New file 1,,,,,,,,,,,,3052,211.618817037807,,
1,New file 1,,,,,,,,,,,,3054,211.618817037807,,
1,New file 1,,,,,,,,,,,,3056,211.618817037807,,
1,New file 1,,,,,,,,,,,,3058,211.618817037807,,
1,New file 1,,,,,,,,,,,,3060,204.328377284707,,
1,New file 1,,,,,,,,,,,,3062,204.328377284707,,
1,New file 1,,,,,,,,,,,,3064,204.328377284707,,
1,New file 1,,,,,,,,,,,,3066,204.328377284707,,
1,New file 1,,,,,,,,,,,,3068,204.328377284707,,
1,New file 1,,,,,,,,,,,,3070,204.328377284707,,
1,New file 1,,,,,,,,,,,,3072,204.328377284707,,
1,New file 1,,,,,,,,,,,,3074,204.328377284707,,
1,New file 1,,,,,,,,,,,,3076,204.328377284707,,
1,New file 1,,,,,,,,,,,,3078,204.328377284707,,
1,New file 1,,,,,,,,,,,,3080,204.328377284707,,
1,New file 1,,,,,,,,,,,,3082,182.389728016582,,
1,New file 1,,,,,,,,,,,,3084,182.389728016582,,
1,New file 1,,,,,,,,,,,,3086,182.389728016582,,
1,New file 1,,,,,,,,,,,,3088,182.389728016582,,
1,New file 1,,,,,,,,,,,,3090,199.469043145625,,
1,New file 1,,,,,,,,,,,,3092,199.469043145625,,
1,New file 1,,,,,,,,,,,,3094,199.469043145625,,
1,New file 1,,,,,,,,,,,,3096,188.966553117406,,
1,New file 1,,,,,,,,,,,,3098,188.966553117406,,
1,New file 1,,,,,,,,,,,,3100,209.932748989119,,
1,New file 1,,,,,,,,,,,,3102,209.932748989119,,
1,New file 1,,,,,,,,,,,,3104,198.855957282667,,
1,New file 1,,,,,,,,,,,,3106,198.855957282667,,
1,New file 1,,,,,,,,,,,,3108,198.855957282667,,
1,New file 1,,,,,,,,,,,,3110,198.855957282667,,
1,New file 1,,,,,,,,,,,,3112,198.855957282667,,
1,New file 1,,,,,,,,,,,,3114,198.855957282667,,
1,New file 1,,,,,,,,,,,,3116,198.855957282667,,
1,New file 1,,,,,,,,,,,,3118,198.855957282667,,
1,New file 1,,,,,,,,,,,,3120,198.855957282667,,
1,New file 1,,,,,,,,,,,,3122,209.635421606203,,
1,New file 1,,,,,,,,,,,,3124,209.635421606203,,
1,New file 1,,,,,,,,,,,,3126,209.635421606203,,
1,New file 1,,,,,,,,,,,,3128,209.635421606203,,
1,New file 1,,,,,,,,,,,,3130,235.791375199153,,
1,New file 1,,,,,,,,,,,,3132,235.791375199153,,
1,New file 1,,,,,,,,,,,,3134,258.570257176701,,
1,New file 1,,,,,,,,,,,,3136,258.570257176701,,
1,New file 1,,,,,,,,,,,,3138,258.570257176701,,
1,New file 1,,,,,,,,,,,,3140,258.570257176701,,
1,New file 1,,,,,,,,,,,,3142,258.570257176701,,
1,New file 1,,,,,,,,,,,,3144,244.987053165472,,
1,New file 1,,,,,,,,,,,,3146,244.987053165472,,
1,New file 1,,,,,,,,,,,,3148,244.987053165472,,
1,New file 1,,,,,,,,,,,,3150,244.987053165472,,
1,New file 1,,,,,,,,,,,,3152,244.987053165472,,
1,New file 1,,,,,,,,,,,,3154,238.915414882209,,
1,New file 1,,,,,,,,,,,,3156,238.915414882209,,
1,New file 1,,,,,,,,,,,,3158,238.915414882209,,
1,New file 1,,,,,,,,,,,,3160,223.334109714318,,
1,New file 1,,,,,,,,,,,,3162,223.334109714318,,
1,New file 1,,,,,,,,,,,,3164,223.334109714318,,
1,New file 1,,,,,,,,,,,,3166,223.334109714318,,
1,New file 1,,,,,,,,,,,,3168,223.334109714318,,
1,New file 1,,,,,,,,,,,,3170,223.334109714318,,
1,New file 1,,,,,,,,,,,,3172,223.334109714318,,
1,New file 1,,,,,,,,,,,,3174,223.334109714318,,
1,New file 1,,,,,,,,,,,,3176,223.334109714318,,
1,New file 1,,,,,,,,,,,,3178,223.334109714318,,
1,New file 1,,,,,,,,,,,,3180,223.334109714318,,
1,New file 1,,,,,,,,,,,,3182,219.594340129783,,
1,New file 1,,,,,,,,,,,,3184,219.594340129783,,
1,New file 1,,,,,,,,,,,,3186,219.594340129783,,
1,New file 1,,,,,,,,,,,,3188,219.594340129783,,
1,New file 1,,,,,,,,,,,,3190,219.594340129783,,
1,New file 1,,,,,,,,,,,,3192,219.594340129783,,
1,New file 1,,,,,,,,,,,,3194,219.594340129783,,
1,New file 1,,,,,,,,,,,,3196,219.594340129783,,
1,New file 1,,,,,,,,,,,,3198,219.594340129783,,
1,New file 1,,,,,,,,,,,,3200,219.594340129783,,
1,New file 1,,,,,,,,,,,,3202,203.965565121404,,
1,New file 1,,,,,,,,,,,,3204,203.965565121404,,
1,New file 1,,,,,,,,,,,,3206,203.965565121404,,
1,New file 1,,,,,,,,,,,,3208,203.965565121404,,
1,New file 1,,,,,,,,,,,,3210,203.965565121404,,
1,New file 1,,,,,,,,,,,,3212,203.965565121404,,
1,New file 1,,,,,,,,,,,,3214,218.216436450526,,
1,New file 1,,,,,,,,,,,,3216,218.216436450526,,
1,New file 1,,,,,,,,,,,,3218,218.216436450526,,
1,New file 1,,,,,,,,,,,,3220,218.216436450526,,
1,New file 1,,,,,,,,,,,,3222,218.216436450526,,
1,New file 1,,,,,,,,,,,,3224,218.216436450526,,
1,New file 1,,,,,,,,,,,,3226,218.216436450526,,
1,New file 1,,,,,,,,,,,,3228,225.758789737245,,
1,New file 1,,,,,,,,,,,,3230,225.758789737245,,
1,New file 1,,,,,,,,,,,,3232,225.758789737245,,
1,New file 1,,,,,,,,,,,,3234,225.758789737245,,
1,New file 1,,,,,,,,,,,,3236,225.758789737245,,
1,New file 1,,,,,,,,,,,,3238,225.758789737245,,
1,New file 1,,,,,,,,,,,,3240,225.758789737245,,
1,New file 1,,,,,,,,,,,,3242,225.758789737245,,
1,New file 1,,,,,,,,,,,,3244,246.110980870468,,
1,New file 1,,,,,,,,,,,,3246,246.110980870468,,
1,New file 1,,,,,,,,,,,,3248,246.110980870468,,
1,New file 1,,,,,,,,,,,,3250,246.110980870468,,
1,New file 1,,,,,,,,,,,,3252,246.110980870468,,
1,New file 1,,,,,,,,,,,,3254,224.294624401733,,
1,New file 1,,,,,,,,,,,,3256,224.294624401733,,
1,New file 1,,,,,,,,,,,,3258,224.294624401733,,
1,New file 1,,,,,,,,,,,,3260,224.294624401733,,
1,New file 1,,,,,,,,,,,,3262,224.294624401733,,
1,New file 1,,,,,,,,,,,,3264,224.294624401733,,
1,New file 1,,,,,,,,,,,,3266,224.294624401733,,
1,New file 1,,,,,,,,,,,,3268,224.294624401733,,
1,New file 1,,,,,,,,,,,,3270,224.294624401733,,
1,New file 1,,,,,,,,,,,,3272,224.294624401733,,
1,New file 1,,,,,,,,,,,,3274,224.294624401733,,
1,New file 1,,,,,,,,,,,,3276,224.294624401733,,
1,New file 1,,,,,,,,,,,,3278,224.294624401733,,
1,New file 1,,,,,,,,,,,,3280,203.041963327341,,
1,New file 1,,,,,,,,,,,,3282,203.041963327341,,
1,New file 1,,,,,,,,,,,,3284,203.041963327341,,
1,New file 1,,,,,,,,,,,,3286,203.041963327341,,
1,New file 1,,,,,,,,,,,,3288,203.041963327341,,
1,New file 1,,,,,,,,,,,,3290,181.57754138442,,
1,New file 1,,,,,,,,,,,,3292,181.57754138442,,
1,New file 1,,,,,,,,,,,,3294,181.57754138442,,
1,New file 1,,,,,,,,,,,,3296,181.57754138442,,
1,New file 1,,,,,,,,,,,,3298,181.57754138442,,
1,New file 1,,,,,,,,,,,,3300,190.487098783979,,
1,New file 1,,,,,,,,,,,,3302,190.487098783979,,
1,New file 1,,,,,,,,,,,,3304,190.487098783979,,
1,New file 1,,,,,,,,,,,,3306,190.487098783979,,
1,New file 1,,,,,,,,,,,,3308,190.487098783979,,
1,New file 1,,,,,,,,,,,,3310,190.487098783979,,
1,New file 1,,,,,,,,,,,,3312,190.487098783979,,
1,New file 1,,,,,,,,,,,,3314,190.487098783979,,
1,New file 1,,,,,,,,,,,,3316,207.827318859506,,
1,New file 1,,,,,,,,,,,,3318,207.827318859506,,
1,New file 1,,,,,,,,,,,,3320,207.827318859506,,
1,New file 1,,,,,,,,,,,,3322,207.827318859506,,
1,New file 1,,,,,,,,,,,,3324,196.464538166688,,
1,New file 1,,,,,,,,,,,,3326,196.464538166688,,
1,New file 1,,,,,,,,,,,,3328,196.464538166688,,
1,New file 1,,,,,,,,,,,,3330,196.464538166688,,
1,New file 1,,,,,,,,,,,,3332,196.464538166688,,
1,New file 1,,,,,,,,,,,,3334,196.464538166688,,
1,New file 1,,,,,,,,,,,,3336,196.464538166688,,
1,New file 1,,,,,,,,,,,,3338,196.464538166688,,
1,New file 1,,,,,,,,,,,,3340,196.464538166688,,
1,New file 1,,,,,,,,,,,,3342,196.464538166688,,
1,New file 1,,,,,,,,,,,,3344,196.464538166688,,
1,New file 1,,,,,,,,,,,,3346,213.916081606934,,
1,New file 1,,,,,,,,,,,,3348,213.916081606934,,
1,New file 1,,,,,,,,,,,,3350,213.916081606934,,
1,New file 1,,,,,,,,,,,,3352,213.916081606934,,
1,New file 1,,,,,,,,,,,,3354,213.916081606934,,
1,New file 1,,,,,,,,,,,,3356,213.916081606934,,
1,New file 1,,,,,,,,,,,,3358,213.916081606934,,
1,New file 1,,,,,,,,,,,,3360,204.012106743573,,
1,New file 1,,,,,,,,,,,,3362,204.012106743573,,
1,New file 1,,,,,,,,,,,,3364,204.012106743573,,
1,New file 1,,,,,,,,,,,,3366,236.445754444074,,
1,New file 1,,,,,,,,,,,,3368,236.445754444074,,
1,New file 1,,,,,,,,,,,,3370,236.445754444074,,
1,New file 1,,,,,,,,,,,,3372,212.423293159753,,
1,New file 1,,,,,,,,,,,,3374,213.53040045708,,
1,New file 1,,,,,,,,,,,,3376,213.53040045708,,
1,New file 1,,,,,,,,,,,,3378,213.53040045708,,
1,New file 1,,,,,,,,,,,,3380,213.53040045708,,
1,New file 1,,,,,,,,,,,,3382,213.53040045708,,
1,New file 1,,,,,,,,,,,,3384,213.53040045708,,
1,New file 1,,,,,,,,,,,,3386,213.53040045708,,
1,New file 1,,,,,,,,,,,,3388,213.53040045708,,
1,New file 1,,,,,,,,,,,,3390,213.53040045708,,
1,New file 1,,,,,,,,,,,,3392,213.53040045708,,
1,New file 1,,,,,,,,,,,,3394,213.53040045708,,
1,New file 1,,,,,,,,,,,,3396,213.53040045708,,
1,New file 1,,,,,,,,,,,,3398,227.160673888113,,
1,New file 1,,,,,,,,,,,,3400,227.160673888113,,
1,New file 1,,,,,,,,,,,,3402,227.160673888113,,
1,New file 1,,,,,,,,,,,,3404,227.160673888113,,
1,New file 1,,,,,,,,,,,,3406,227.160673888113,,
1,New file 1,,,,,,,,,,,,3408,227.160673888113,,
1,New file 1,,,,,,,,,,,,3410,227.160673888113,,
1,New file 1,,,,,,,,,,,,3412,227.160673888113,,
1,New file 1,,,,,,,,,,,,3414,210.936702066107,,
1,New file 1,,,,,,,,,,,,3416,210.936702066107,,
1,New file 1,,,,,,,,,,,,3418,210.936702066107,,
1,New file 1,,,,,,,,,,,,3420,210.936702066107,,
1,New file 1,,,,,,,,,,,,3422,210.936702066107,,
1,New file 1,,,,,,,,,,,,3424,210.936702066107,,
1,New file 1,,,,,,,,,,,,3426,204.09426907132,,
1,New file 1,,,,,,,,,,,,3428,204.09426907132,,
1,New file 1,,,,,,,,,,,,3430,204.09426907132,,
1,New file 1,,,,,,,,,,,,3432,204.09426907132,,
1,New file 1,,,,,,,,,,,,3434,204.09426907132,,
1,New file 1,,,,,,,,,,,,3436,204.09426907132,,
1,New file 1,,,,,,,,,,,,3438,204.09426907132,,
1,New file 1,,,,,,,,,,,,3440,204.09426907132,,
1,New file 1,,,,,,,,,,,,3442,285.925240456463,,
1,New file 1,,,,,,,,,,,,3444,285.925240456463,,
1,New file 1,,,,,,,,,,,,3446,285.925240456463,,
1,New file 1,,,,,,,,,,,,3448,285.925240456463,,
1,New file 1,,,,,,,,,,,,3450,285.925240456463,,
1,New file 1,,,,,,,,,,,,3452,285.925240456463,,
1,New file 1,,,,,,,,,,,,3454,285.925240456463,,
1,New file 1,,,,,,,,,,,,3456,285.925240456463,,
1,New file 1,,,,,,,,,,,,3458,301.250328194095,,
1,New file 1,,,,,,,,,,,,3460,301.250328194095,,
1,New file 1,,,,,,,,,,,,3462,301.250328194095,,
1,New file 1,,,,,,,,,,,,3464,301.250328194095,,
1,New file 1,,,,,,,,,,,,3466,239.424243964096,,
1,New file 1,,,,,,,,,,,,3468,239.424243964096,,
1,New file 1,,,,,,,,,,,,3470,239.424243964096,,
1,New file 1,,,,,,,,,,,,3472,239.424243964096,,
1,New file 1,,,,,,,,,,,,3474,239.424243964096,,
1,New file 1,,,,,,,,,,,,3476,289.171933217536,,
1,New file 1,,,,,,,,,,,,3478,289.171933217536,,
1,New file 1,,,,,,,,,,,,3480,257.857772456304,,
1,New file 1,,,,,,,,,,,,3482,257.857772456304,,
1,New file 1,,,,,,,,,,,,3484,257.857772456304,,
1,New file 1,,,,,,,,,,,,3486,257.857772456304,,
1,New file 1,,,,,,,,,,,,3488,257.857772456304,,
1,New file 1,,,,,,,,,,,,3490,257.857772456304,,
1,New file 1,,,,,,,,,,,,3492,269.333546385458,,
1,New file 1,,,,,,,,,,,,3494,269.333546385458,,
1,New file 1,,,,,,,,,,,,3496,269.333546385458,,
1,New file 1,,,,,,,,,,,,3498,269.333546385458,,
1,New file 1,,,,,,,,,,,,3500,269.333546385458,,
1,New file 1,,,,,,,,,,,,3502,269.333546385458,,
1,New file 1,,,,,,,,,,,,3504,294.781848554135,,
1,New file 1,,,,,,,,,,,,3506,294.781848554135,,
1,New file 1,,,,,,,,,,,,3508,294.781848554135,,
1,New file 1,,,,,,,,,,,,3510,294.781848554135,,
1,New file 1,,,,,,,,,,,,3512,260.998657390509,,
1,New file 1,,,,,,,,,,,,3514,260.998657390509,,
1,New file 1,,,,,,,,,,,,3516,260.998657390509,,
1,New file 1,,,,,,,,,,,,3518,260.998657390509,,
1,New file 1,,,,,,,,,,,,3520,298.177877293297,,
1,New file 1,,,,,,,,,,,,3522,298.177877293297,,
1,New file 1,,,,,,,,,,,,3524,9.26693344041785,,
1,New file 1,,,,,,,,,,,,3526,253.980214198368,,
1,New file 1,,,,,,,,,,,,3528,253.980214198368,,
1,New file 1,,,,,,,,,,,,3530,303.794661860049,,
1,New file 1,,,,,,,,,,,,3532,303.794661860049,,
1,New file 1,,,,,,,,,,,,3534,284.427123890059,,
1,New file 1,,,,,,,,,,,,3536,261.6663398771,,
1,New file 1,,,,,,,,,,,,3538,261.6663398771,,
1,New file 1,,,,,,,,,,,,3540,261.6663398771,,
1,New file 1,,,,,,,,,,,,3542,316.230521635389,,
1,New file 1,,,,,,,,,,,,3544,284.124508363532,,
1,New file 1,,,,,,,,,,,,3546,284.124508363532,,
1,New file 1,,,,,,,,,,,,3548,284.124508363532,,
1,New file 1,,,,,,,,,,,,3550,239.718005685791,,
1,New file 1,,,,,,,,,,,,3552,239.718005685791,,
1,New file 1,,,,,,,,,,,,3554,239.718005685791,,
1,New file 1,,,,,,,,,,,,3556,311.909324351624,,
1,New file 1,,,,,,,,,,,,3558,311.909324351624,,
1,New file 1,,,,,,,,,,,,3560,311.909324351624,,
1,New file 1,,,,,,,,,,,,3562,311.909324351624,,
1,New file 1,,,,,,,,,,,,3564,311.909324351624,,
1,New file 1,,,,,,,,,,,,3566,311.909324351624,,
1,New file 1,,,,,,,,,,,,3568,279.215590765757,,
1,New file 1,,,,,,,,,,,,3570,184.41921517074,,
1,New file 1,,,,,,,,,,,,3572,184.41921517074,,
1,New file 1,,,,,,,,,,,,3574,283.341533965271,,
1,New file 1,,,,,,,,,,,,3576,283.341533965271,,
1,New file 1,,,,,,,,,,,,3578,283.341533965271,,
1,New file 1,,,,,,,,,,,,3580,266.227318783512,,
1,New file 1,,,,,,,,,,,,3582,266.227318783512,,
1,New file 1,,,,,,,,,,,,3584,266.227318783512,,
1,New file 1,,,,,,,,,,,,3586,340.366590263127,,
1,New file 1,,,,,,,,,,,,3588,285.380822430905,,
1,New file 1,,,,,,,,,,,,3590,285.380822430905,,
1,New file 1,,,,,,,,,,,,3592,285.380822430905,,
1,New file 1,,,,,,,,,,,,3594,285.380822430905,,
1,New file 1,,,,,,,,,,,,3596,335.235591209347,,
1,New file 1,,,,,,,,,,,,3598,335.235591209347,,
1,New file 1,,,,,,,,,,,,3600,335.235591209347,,
1,New file 1,,,,,,,,,,,,3602,335.235591209347,,
1,New file 1,,,,,,,,,,,,3604,335.235591209347,,
1,New file 1,,,,,,,,,,,,3606,335.235591209347,,
1,New file 1,,,,,,,,,,,,3608,335.235591209347,,
1,New file 1,,,,,,,,,,,,3610,335.235591209347,,
1,New file 1,,,,,,,,,,,,3612,335.235591209347,,
1,New file 1,,,,,,,,,,,,3614,260.554450124995,,
1,New file 1,,,,,,,,,,,,3616,260.554450124995,,
1,New file 1,,,,,,,,,,,,3618,341.562381396711,,
1,New file 1,,,,,,,,,,,,3620,341.562381396711,,
1,New file 1,,,,,,,,,,,,3622,341.562381396711,,
1,New file 1,,,,,,,,,,,,3624,249.500426721388,,
1,New file 1,,,,,,,,,,,,3626,334.747256260921,,
1,New file 1,,,,,,,,,,,,3628,334.747256260921,,
1,New file 1,,,,,,,,,,,,3630,334.747256260921,,
1,New file 1,,,,,,,,,,,,3632,287.683828513991,,
1,New file 1,,,,,,,,,,,,3634,198.17650577028,,
1,New file 1,,,,,,,,,,,,3636,235.991317331704,,
1,New file 1,,,,,,,,,,,,3638,235.991317331704,,
1,New file 1,,,,,,,,,,,,3640,235.991317331704,,
1,New file 1,,,,,,,,,,,,3642,235.991317331704,,
1,New file 1,,,,,,,,,,,,3644,235.991317331704,,
1,New file 1,,,,,,,,,,,,3646,250.068563272782,,
1,New file 1,,,,,,,,,,,,3648,250.068563272782,,
1,New file 1,,,,,,,,,,,,3650,250.068563272782,,
1,New file 1,,,,,,,,,,,,3652,250.068563272782,,
1,New file 1,,,,,,,,,,,,3654,258.212037524289,,
1,New file 1,,,,,,,,,,,,3656,258.212037524289,,
1,New file 1,,,,,,,,,,,,3658,258.212037524289,,
1,New file 1,,,,,,,,,,,,3660,258.212037524289,,
1,New file 1,,,,,,,,,,,,3662,282.140066638613,,
1,New file 1,,,,,,,,,,,,3664,358.31570127868,,
1,New file 1,,,,,,,,,,,,3666,358.31570127868,,
1,New file 1,,,,,,,,,,,,3668,334.922527481136,,
1,New file 1,,,,,,,,,,,,3670,334.922527481136,,
1,New file 1,,,,,,,,,,,,3672,334.922527481136,,
1,New file 1,,,,,,,,,,,,3674,334.922527481136,,
1,New file 1,,,,,,,,,,,,3676,334.922527481136,,
1,New file 1,,,,,,,,,,,,3678,334.922527481136,,
1,New file 1,,,,,,,,,,,,3680,334.922527481136,,
1,New file 1,,,,,,,,,,,,3682,334.922527481136,,
1,New file 1,,,,,,,,,,,,3684,334.922527481136,,
1,New file 1,,,,,,,,,,,,3686,300.119298493134,,
1,New file 1,,,,,,,,,,,,3688,300.119298493134,,
1,New file 1,,,,,,,,,,,,3690,300.119298493134,,
1,New file 1,,,,,,,,,,,,3692,300.119298493134,,
1,New file 1,,,,,,,,,,,,3694,300.119298493134,,
1,New file 1,,,,,,,,,,,,3696,267.724345539294,,
1,New file 1,,,,,,,,,,,,3698,267.724345539294,,
1,New file 1,,,,,,,,,,,,3700,267.724345539294,,
1,New file 1,,,,,,,,,,,,3702,267.724345539294,,
1,New file 1,,,,,,,,,,,,3704,267.724345539294,,
1,New file 1,,,,,,,,,,,,3706,292.303077304105,,
1,New file 1,,,,,,,,,,,,3708,292.303077304105,,
1,New file 1,,,,,,,,,,,,3710,292.303077304105,,
1,New file 1,,,,,,,,,,,,3712,252.90756029599,,
1,New file 1,,,,,,,,,,,,3714,252.90756029599,,
1,New file 1,,,,,,,,,,,,3716,252.90756029599,,
1,New file 1,,,,,,,,,,,,3718,312.109272313752,,
1,New file 1,,,,,,,,,,,,3720,312.109272313752,,
1,New file 1,,,,,,,,,,,,3722,312.109272313752,,
1,New file 1,,,,,,,,,,,,3724,312.109272313752,,
1,New file 1,,,,,,,,,,,,3726,196.229845094607,,
1,New file 1,,,,,,,,,,,,3728,196.229845094607,,
1,New file 1,,,,,,,,,,,,3730,196.229845094607,,
1,New file 1,,,,,,,,,,,,3732,261.154158281334,,
1,New file 1,,,,,,,,,,,,3734,261.154158281334,,
1,New file 1,,,,,,,,,,,,3736,261.154158281334,,
1,New file 1,,,,,,,,,,,,3738,239.575963422016,,
1,New file 1,,,,,,,,,,,,3740,239.575963422016,,
1,New file 1,,,,,,,,,,,,3742,250.030455148412,,
1,New file 1,,,,,,,,,,,,3744,250.030455148412,,
1,New file 1,,,,,,,,,,,,3746,250.030455148412,,
1,New file 1,,,,,,,,,,,,3748,250.030455148412,,
1,New file 1,,,,,,,,,,,,3750,250.030455148412,,
1,New file 1,,,,,,,,,,,,3752,250.030455148412,,
1,New file 1,,,,,,,,,,,,3754,250.030455148412,,
1,New file 1,,,,,,,,,,,,3756,250.030455148412,,
1,New file 1,,,,,,,,,,,,3758,277.10902613002,,
1,New file 1,,,,,,,,,,,,3760,277.10902613002,,
1,New file 1,,,,,,,,,,,,3762,277.10902613002,,
1,New file 1,,,,,,,,,,,,3764,277.10902613002,,
1,New file 1,,,,,,,,,,,,3766,227.724230084392,,
1,New file 1,,,,,,,,,,,,3768,227.724230084392,,
1,New file 1,,,,,,,,,,,,3770,227.724230084392,,
1,New file 1,,,,,,,,,,,,3772,227.724230084392,,
1,New file 1,,,,,,,,,,,,3774,227.724230084392,,
1,New file 1,,,,,,,,,,,,3776,227.724230084392,,
1,New file 1,,,,,,,,,,,,3778,294.520695305934,,
1,New file 1,,,,,,,,,,,,3780,294.520695305934,,
1,New file 1,,,,,,,,,,,,3782,238.594799450488,,
1,New file 1,,,,,,,,,,,,3784,238.594799450488,,
1,New file 1,,,,,,,,,,,,3786,238.594799450488,,
1,New file 1,,,,,,,,,,,,3788,218.442937132679,,
1,New file 1,,,,,,,,,,,,3790,218.442937132679,,
1,New file 1,,,,,,,,,,,,3792,218.442937132679,,
1,New file 1,,,,,,,,,,,,3794,218.442937132679,,
